RP:0.8566443381598738;RMSE:1.9926484884745526
yddg;yhat
1EAW_AB_QA23A;-0.5621615648269653;0.506135106086731
1ACB_EI_LI38P;7.435024738311768;5.668989658355713
1R0R_EI_LI13Q;0.63482266664505;1.0374066829681396
2SIC_EI_MI67I;1.7381112575531006;1.520989179611206
1R0R_EI_KI8N;-0.41817206144332886;-0.166948139667511
2G2U_AB_YB143A;-2.0011978149414062;-1.1471760272979736
1PPF_EI_YI20P;5.742493152618408;7.893887519836426
1R0R_EI_EI14H;1.8283125162124634;0.47159814834594727
1A4Y_AB_YA434A;3.533895254135132;4.422425270080566
1IAR_AB_QA78A;0.1352473497390747;0.0745239332318306
1PPF_EI_AI15L;0.019036952406167984;-0.3676337003707886
1TM1_EI_MI40G;2.4190120697021484;1.4058420658111572
1AK4_AD_GD89A;2.989553928375244;0.44135791063308716
4CPA_AI_VI37L;1.3860244750976562;0.5678342580795288
1PPF_EI_GI32R;5.1880879402160645;2.3589282035827637
1A22_AB_EA163A;-0.9911485910415649;0.2596161961555481
1A4Y_AB_YA437A;0.9060168266296387;2.3051252365112305
1EMV_AB_RB54A;1.805341124534607;1.160192847251892
1P69_AB_SA15P;0.4297533929347992;-0.03291751816868782
1A22_AB_VB126A;-0.7199366092681885;-0.0021893493831157684
1TM1_EI_MI40K;1.1847093105316162;2.3443613052368164
1PPF_EI_AI15K;1.2064052820205688;0.39209654927253723
1PPF_EI_TI17C;2.23347806930542;2.2371623516082764
1PPF_EI_GI32D;2.6717112064361572;2.8204877376556396
1Y33_EI_PI39T;-4.069063186645508;-1.975400686264038
1AK4_AD_GD89V;4.022541522979736;0.07610116899013519
4CPA_AI_VI37I;0.2159584015607834;-0.1309138834476471
1EMV_AB_SB77A;-0.252412885427475;0.14923003315925598
3SGB_EI_TI11I;1.8754969835281372;1.7910529375076294
3SGB_EI_LI12M;0.48498252034187317;0.5381987690925598
3BP8_AC_AC51F;0.6667940616607666;-1.3218289613723755
1A4Y_AB_YA434F;0.6043537855148315;3.777904748916626
2PCB_AB_DA34N;0.889767050743103;0.15536488592624664
1KTZ_AB_EB95Q;2.004697322845459;0.12754318118095398
1R0R_EI_EI14S;3.397195339202881;0.4631117582321167
1PPF_EI_GI32W;1.7589442729949951;1.76210618019104
3BK3_AC_AC37R;1.4979748725891113;-1.111524224281311
1B3S_AD_AA102H;-6.155474662780762;-6.439988136291504
1KTZ_AB_LB3A;2.218923330307007;1.0568289756774902
1R0R_EI_TI12M;1.424098014831543;-0.3165943920612335
1IAR_AB_RA85A;0.46246904134750366;1.3196669816970825
2J0T_AD_SD68E;2.367638111114502;1.720618486404419
1R0R_EI_TI12Y;-0.9402859210968018;-0.06933391094207764
3SGB_EI_YI14P;6.71525239944458;4.137304782867432
1PPF_EI_TI17V;1.6184399127960205;2.2565860748291016
1R0R_EI_AI10N;2.2387068271636963;1.054872751235962
1GC1_GC_SC42A;0.0;0.794556736946106
1F47_AB_LA6A;1.0025633573532104;1.7770625352859497
2FTL_EI_KI15E;10.11464786529541;4.562060356140137
3SGB_EI_LI12Y;1.7932116985321045;0.8891740441322327
1R0R_EI_EI14L;0.6094855070114136;0.1790846586227417
3SGB_EI_YI14D;3.064910888671875;3.2498698234558105
1JTG_AB_PA82A;-0.19146567583084106;0.5738298892974854
2FTL_EI_KI15D;12.345697402954102;4.836861610412598
1EMV_AB_FB86A;4.20412540435791;4.214168548583984
3SGB_EI_KI7L;-1.9444499015808105;-0.4960145056247711
1JTG_AB_EA79K;3.8698198795318604;3.9173026084899902
2FTL_EI_KI15S;8.28996753692627;3.3988707065582275
1EMV_AB_CA21A;0.9988135695457458;0.5559965372085571
1R0R_EI_LI13C;-1.4404557943344116;1.6284254789352417
1R0R_EI_KI8F;-0.8500837683677673;-0.7162907123565674
1PPF_EI_AI15T;1.030165672302246;-2.350379228591919
2G2U_AB_YB51A;-0.6811532974243164;0.8924230337142944
1IAR_AB_EA9Q;3.3722753524780273;-0.4982192814350128
1IAR_AB_QA78E;0.26550111174583435;0.5204095840454102
1R0R_EI_YI15M;3.3585126399993896;2.6480679512023926
1GC1_GC_KC35A;0.3489093780517578;0.8798247575759888
1IAR_AB_RA88A;4.067663669586182;0.3464321494102478
1PPF_EI_GI32V;2.7263684272766113;1.0884219408035278
2HLE_AB_KA141Q;-0.4448835253715515;0.08912558853626251
1A4Y_AB_DA435A;3.7760543823242188;3.4437036514282227
1PPF_EI_TI17K;3.6257543563842773;2.491637945175171
1R0R_EI_YI15K;5.8979082107543945;3.6385297775268555
1R0R_EI_YI15R;4.782610893249512;3.778937578201294
1PPF_EI_AI15I;0.35251834988594055;0.08641764521598816
3BTM_EI_MI13K;-8.256111145019531;-0.13418400287628174
1A4Y_AB_HB84A;0.18464334309101105;0.15205809473991394
1Y34_EI_AI41E;-3.308779239654541;-1.4926419258117676
1Z7X_WX_YW434A;6.4523420333862305;6.04715633392334
1JTG_AB_WB162A;2.4798314571380615;1.5493148565292358
1BRS_AD_TD42A;2.012458324432373;2.065814733505249
1FC2_CD_YC10W;0.4448835253715515;0.08636519312858582
1AK4_AD_AD88V;1.5728559494018555;-0.4996047019958496
1R0R_EI_TI12R;3.579298257827759;3.6043004989624023
1PPF_EI_GI32K;3.537478446960449;2.0667176246643066
2WPT_AB_RB47A;0.9448645114898682;1.1527702808380127
1PPF_EI_YI20L;1.4710599184036255;2.875335693359375
3SGB_EI_KI7G;-0.7762971520423889;-0.40973252058029175
3SGB_EI_AI9N;-0.0953570306301117;-0.549785852432251
1A4Y_AB_RB5A;2.5017545223236084;3.405832052230835
1R0R_EI_EI14R;2.2387068271636963;0.48719072341918945
3SGB_EI_KI7T;-2.0853264331817627;-1.3341586589813232
1JCK_AB_TB20A;1.6730419397354126;1.2934685945510864
1PPF_EI_TI17M;2.677396297454834;2.212179660797119
1R0R_EI_AI10V;-1.0379307270050049;0.07898221164941788
2G2U_AB_WB162A;0.5754849910736084;0.7164316773414612
3BTE_EI_EI13K;-10.11464786529541;-4.982181072235107
1R0R_EI_YI15S;5.523748397827148;3.6635398864746094
1GC1_GC_NC52A;0.7673763632774353;0.22098106145858765
2NU2_EI_RI13L;-3.6024107933044434;-4.2381062507629395
1EMV_AB_KB97A;2.123918294906616;1.1315791606903076
1PPF_EI_GI32E;1.5594875812530518;2.743246078491211
1R0R_EI_EI14A;2.23555326461792;1.487441897392273
3BK3_AC_IC28R;1.273477554321289;0.42183613777160645
1R0R_EI_KI8V;0.4393741488456726;-0.34839484095573425
3SGB_EI_GI26C;2.7942934036254883;2.2189137935638428
3SGB_EI_YI14F;0.1805836409330368;0.6635666489601135
3BTF_EI_FI13K;-7.542201519012451;0.4820343852043152
3SGB_EI_KI7H;-0.4295353889465332;-0.8615742921829224
3SGB_EI_TI11Y;3.6024107933044434;2.1352624893188477
1JTG_AB_EA79A;2.0295844078063965;1.9495923519134521
2SIC_EI_MI67E;0.8624509572982788;1.6054924726486206
1A4Y_AB_EB108A;-0.3496229350566864;0.6835504174232483
1FCC_AC_NC35A;2.562232494354248;0.08120337873697281
2AJF_AE_NE151K;2.1803481578826904;-0.19451358914375305
1R0R_EI_LI13P;8.22533893585205;3.525461435317993
1ACB_EI_LI38D;7.346945762634277;5.326126575469971
1GC1_GC_QC40A;-0.4448835253715515;-0.17842060327529907
3SGB_EI_YI14E;2.1780011653900146;2.553802490234375
1R0R_EI_YI15I;3.06488299369812;3.73337459564209
2O3B_AB_EB24A;5.931234359741211;0.8647419214248657
1R0R_EI_YI15L;2.755197525024414;2.2658166885375977
1IAR_AB_KA12S;-0.016046617180109024;0.15232765674591064
1A22_AB_HA18A;-0.42580536007881165;0.7489474415779114
1PPF_EI_TI17A;3.4125819206237793;2.5170247554779053
3SGB_EI_YI14G;3.041168451309204;2.9434688091278076
1R0R_EI_KI8I;1.2025518417358398;0.02332494594156742
1FCC_AC_KC28A;1.3608514070510864;0.88090580701828
2WPT_AB_NB65A;0.759770393371582;0.6197078824043274
1PPF_EI_AI15R;-0.28265222907066345;1.2631878852844238
1TM1_EI_MI40A;1.1133211851119995;1.6740704774856567
2J0T_AD_VD69T;0.6711240410804749;0.296385258436203
1TM4_EI_GI40M;-2.4190120697021484;-1.2992362976074219
1PPF_EI_TI17S;1.6379297971725464;1.9115290641784668
3SGB_EI_AI9W;-1.6623176336288452;-1.7589867115020752
3SGB_EI_KI7V;-1.0219682455062866;-0.5537526607513428
2PCC_AB_VA197A;2.2779345512390137;1.7082016468048096
1TM1_EI_YI42G;5.071113109588623;2.5538477897644043
2WPT_AB_SA47A;2.627878427505493;1.5185245275497437
1R0R_EI_EI14P;4.02773904800415;0.931323766708374
1TMG_EI_FI40M;-1.1133211851119995;-0.6067979335784912
1JTG_AB_YA80A;-0.15561462938785553;0.011559069156646729
1A4Y_AB_YA437F;0.26570260524749756;-0.009938299655914307
1PPF_EI_LI18A;1.0880777835845947;3.0382351875305176
2PCC_AB_DA34A;-0.9718145132064819;-0.01859387755393982
1PPF_EI_LI18T;0.9794914126396179;1.692224383354187
3SGB_EI_AI9V;-0.7726389169692993;-0.6119071245193481
2J1K_CT_RC24A;0.8285940289497375;0.343677282333374
3SGB_EI_KI7R;-0.7411375045776367;-1.1389544010162354
1A22_AB_RA156A;0.1437152773141861;1.537156105041504
1A22_AB_YA42A;0.2159584015607834;0.27221596240997314
1BRS_AD_RA81Q;5.871770858764648;4.703785419464111
1R0R_EI_YI15W;-0.38963231444358826;1.3252177238464355
1PPF_EI_LI18N;5.590849876403809;1.6029490232467651
1BRS_AD_RA57K;2.6955020427703857;2.336714267730713
1EMV_AB_DA49A;6.411388397216797;5.988182544708252
3SGB_EI_GI26A;1.3839387893676758;1.3863341808319092
1SGY_EI_YI13L;-1.7932116985321045;-0.6132307648658752
1PPF_EI_LI18M;1.3289204835891724;1.3364272117614746
1A22_AB_PA48A;0.4448835253715515;0.48392486572265625
2O3B_AB_EB24Q;5.848302364349365;0.07399052381515503
3BK3_AC_IC19R;0.45930731296539307;0.22367319464683533
1BRS_AD_KA25A;5.55329704284668;5.159176349639893
1PPF_EI_GI32Y;1.2874367237091064;0.02923084795475006
1PPF_EI_TI17R;3.693047285079956;3.1093921661376953
3SGB_EI_GI26V;3.0250208377838135;1.5578198432922363
1R0R_EI_EI14I;0.7885364294052124;0.7271203398704529
1IAR_AB_WA91D;1.4155083894729614;0.37203359603881836
3SGB_EI_YI14I;3.8431529998779297;2.694054365158081
1A22_AB_RB172A;0.28694024682044983;0.7451483011245728
3BK3_AC_IC19A;0.5269309878349304;0.86241614818573
1R0R_EI_YI15D;6.016138553619385;4.103144645690918
4CPA_AI_YI36G;0.5438222289085388;0.8104684352874756
1PPF_EI_GI32M;2.348858594894409;2.1184964179992676
1Z7X_WX_WW261A;1.447301983833313;1.527966856956482
1PPF_EI_AI15H;0.5915520787239075;-0.08688586205244064
1PPF_EI_YI20C;3.693047285079956;4.5851922035217285
2B42_AB_HA357Q;1.1549789905548096;0.13867506384849548
4CPA_AI_VI37F;0.0;-0.6893219947814941
1GC1_GC_KC46A;1.550290584564209;0.9716455936431885
2G2U_AB_YB50A;-2.248728036880493;-1.119604468345642
3SGB_EI_KI7W;-0.014325646683573723;-0.5165828466415405
2O3B_AB_EB24D;0.6492770910263062;0.9749820232391357
1R0R_EI_TI12P;5.296138763427734;2.9739489555358887
1KTZ_AB_EB95A;1.8607194423675537;0.8509516716003418
2SGQ_EI_QI13L;-2.785609722137451;-1.5281111001968384
1R0R_EI_TI12F;-0.07063086330890656;0.013795025646686554
1R0R_EI_EI14Q;1.3718384504318237;0.9836784601211548
1KTZ_AB_IB26A;2.2964446544647217;0.5691829919815063
1EMV_AB_YA52A;5.239935874938965;5.63956880569458
2A9K_AB_GB55D;2.6041412353515625;-0.31170326471328735
3SGB_EI_GI26K;2.7015907764434814;2.083479642868042
1R0R_EI_LI13F;0.6601597666740417;1.0871567726135254
1FCC_AC_WC43A;4.087668418884277;1.351928949356079
1PPF_EI_YI20V;4.478626251220703;4.817455291748047
1R0R_EI_AI10L;-1.8777413368225098;-0.04553133249282837
1PPF_EI_LI18I;-0.7841344475746155;0.44007450342178345
1Z7X_WX_YW437A;2.8428499698638916;2.2248783111572266
1PPF_EI_TI17Q;2.106403112411499;2.1135241985321045
2J0T_AD_TD2R;5.4666008949279785;1.2436825037002563
1BRS_AD_DD39A;7.359239101409912;4.6139750480651855
1CSE_EI_LI38I;3.1910715103149414;1.7494134902954102
3SGB_EI_YI14L;1.6863672733306885;1.4861342906951904
1PPF_EI_GI32N;1.7268108129501343;1.7650216817855835
2SIC_EI_MI67K;0.0;1.9925611019134521
1PPF_EI_TI17L;2.439060688018799;1.8179407119750977
3SGB_EI_GI26T;3.2496273517608643;1.816295862197876
3SGB_EI_TI11D;5.302722454071045;3.03566837310791
1R0R_EI_AI10G;1.1894817352294922;1.3743352890014648
1R0R_EI_LI13M;-0.5523626208305359;-0.3262583613395691
3BK3_AC_IC22A;1.4166980981826782;1.4590058326721191
3SGB_EI_AI9M;0.09517895430326462;-0.4860844612121582
1R0R_EI_TI12Q;2.377000093460083;0.10309925675392151
3SGB_EI_LI12F;1.4701049327850342;0.9175028800964355
1R0R_EI_TI12G;3.3585126399993896;1.6803345680236816
1CT0_EI_SI13L;-4.449025630950928;-3.4433231353759766
1A4Y_AB_HB114A;0.7115743160247803;1.3533879518508911
1GL1_AI_LI29V;4.614232540130615;3.3178367614746094
2WPT_AB_NA31A;-0.3243914842605591;-0.910155177116394
1CSE_EI_LI38D;4.720368385314941;1.7918827533721924
2WPT_AB_EA38A;4.8784966468811035;1.2525848150253296
2G2U_AB_GB48A;-0.4621535837650299;0.5771762132644653
3SGB_EI_YI14K;3.673041582107544;3.0631277561187744
1IAR_AB_WA91A;0.7903329133987427;1.1954505443572998
3SGB_EI_GI26L;2.8440351486206055;1.6937901973724365
1R0R_EI_EI14C;2.5374298095703125;0.9046199321746826
3SGB_EI_GI26H;2.9296741485595703;1.238351583480835
1XD3_AB_HB68N;0.0;0.6003117561340332
1R0R_EI_LI13G;2.5174319744110107;2.067873001098633
1JTG_AB_DB49A;2.406869649887085;0.5412861108779907
1R0R_EI_EI14K;2.90165114402771;1.0010579824447632
1PPF_EI_TI17P;3.289144515991211;2.6358587741851807
2FTL_EI_KI15Q;10.057374000549316;1.7940700054168701
1TM7_EI_YI40M;-0.061173051595687866;-0.35160335898399353
3SGB_EI_AI9L;0.1805836409330368;-0.6711397171020508
1R0R_EI_LI13V;2.3073902130126953;2.025778293609619
2B42_AB_HA357K;2.7559690475463867;0.3736683130264282
1EMV_AB_TA25A;0.7891753911972046;0.684673547744751
1EMV_AB_SB74A;-0.2612253427505493;0.5106565952301025
2WPT_AB_NA31V;-0.9718145132064819;-2.213674306869507
3SGB_EI_KI7C;-0.6257570385932922;-0.7118967771530151
1TM1_EI_MI40F;1.1133211851119995;0.5967844128608704
3SGB_EI_AI9Y;-1.7624738216400146;-2.672154188156128
1A4Y_AB_EA401A;0.9573907256126404;0.12242911756038666
2WPT_AB_SB67A;-0.1452842801809311;0.27234625816345215
1R0R_EI_AI10P;3.579298257827759;0.2051926702260971
1ACB_EI_LI38S;5.371962070465088;4.116805076599121
1SGN_EI_NI13L;-3.637570381164551;-2.143449306488037
1PPF_EI_LI18Y;7.099837303161621;3.466386318206787
1SGQ_EI_GI13L;-5.353396415710449;-2.9063491821289062
3SGB_EI_TI11F;3.893827199935913;1.9565216302871704
3SGB_EI_KI7N;-0.7056663036346436;-0.39368826150894165
1R0R_EI_AI10T;1.3568049669265747;0.27607598900794983
3SGB_EI_LI12G;5.353396415710449;3.465934991836548
1Y1K_EI_AI39T;-2.955742120742798;-1.9842908382415771
2B42_AB_HA357A;1.758533239364624;0.8381884098052979
1TM3_EI_KI40M;-1.1847093105316162;-2.2986063957214355
1JTG_AB_YB50A;-1.5684632062911987;-0.8809695839881897
1R0R_EI_EI14G;2.90165114402771;1.5705816745758057
2AJF_AE_TE159S;1.975954532623291;-0.13209815323352814
1PPF_EI_AI15S;0.809380054473877;0.24848312139511108
1R0R_EI_KI8S;-0.328854501247406;-0.6426421403884888
1AK4_AD_AD88G;3.6150567531585693;-0.3167303502559662
4CPA_AI_VI37A;2.519359827041626;0.8255413770675659
1PPF_EI_LI18G;3.565972328186035;2.4707484245300293
1R0R_EI_TI12C;0.8700647950172424;1.8251891136169434
2NU0_EI_WI13L;-1.9956443309783936;-0.41834354400634766
1PPF_EI_TI17Y;2.654343366622925;1.5890824794769287
1PPF_EI_TI17G;3.851590871810913;2.3663203716278076
1GC1_GC_HC27A;0.30610477924346924;0.4223884344100952
3SGB_EI_TI11V;2.4183878898620605;2.1625986099243164
1A22_AB_RA64A;1.8368117809295654;2.110154628753662
1GL0_EI_MI28K;-0.6107087731361389;0.19194284081459045
3BK3_AC_IC22R;2.298391580581665;0.4898725152015686
1R0R_EI_YI15Q;4.818081855773926;4.032418251037598
1R0R_EI_KI8M;-0.6005287766456604;-0.8132679462432861
1R0R_EI_KI8L;-0.35096895694732666;-0.6622012257575989
2G2U_AB_WB150A;1.934015154838562;2.3438167572021484
3SGB_EI_AI9E;0.7184317708015442;-0.5153982639312744
1R0R_EI_AI10F;-2.399855136871338;0.9072951674461365
1MAH_AF_YA69N;5.621252536773682;6.0451860427856445
4CPA_AI_YI36F;0.0;0.510212242603302
2BTF_AP_KP125A;0.4984004497528076;0.7913963794708252
1R0R_EI_EI14V;0.10139885544776917;0.4709528684616089
1IAR_AB_RA88Q;3.064788818359375;0.7388463616371155
3SGB_EI_LI12S;4.449025630950928;4.038325786590576
1CT4_EI_VI13L;-3.2496273517608643;-1.9444342851638794
1FFW_AB_FB56A;3.9498190879821777;1.4157345294952393
1PPF_EI_AI15Q;0.26724153757095337;-0.11070416867733002
1E96_AB_NA26H;1.1780624389648438;-0.488969087600708
2J0T_AD_SD68A;2.281933546066284;1.9062145948410034
3SGB_EI_KI7Q;-0.6669837832450867;-0.5320806503295898
1A22_AB_RA167A;2.627878427505493;1.4481369256973267
3SGB_EI_YI14C;1.8137940168380737;3.223179340362549
1IAR_AB_RA53Q;0.9054222702980042;0.21451714634895325
2J0T_AD_SD68Y;3.2265913486480713;0.572903573513031
1LFD_AB_KA39A;2.112260341644287;2.336979866027832
1R0R_EI_TI12W;3.1406848430633545;-0.4380156993865967
1JTG_AB_MA104A;1.075371265411377;1.305322527885437
1XD3_AB_RB72L;1.4408100843429565;-0.8399002552032471
2FTL_EI_KI15V;12.618017196655273;2.465362310409546
1BRS_AD_HA100L;8.305323600769043;3.7180027961730957
1R0R_EI_TI12S;0.9191099405288696;-0.056900620460510254
2G2U_AB_FB36A;2.994318723678589;1.3196097612380981
1PPF_EI_AI15W;-0.6856604814529419;-0.5098333954811096
3SGB_EI_TI11H;3.75295090675354;2.0793092250823975
1IAR_AB_KA12E;0.15109583735466003;0.20812082290649414
3SGB_EI_AI9D;0.5096917748451233;-0.10686900466680527
1BRS_AD_WD38F;1.779534101486206;1.8264508247375488
1PPF_EI_AI15V;0.2143334299325943;0.2249554842710495
1CSE_EI_LI38E;2.5493741035461426;1.5512127876281738
1R0R_EI_AI10H;1.8989434242248535;1.5409772396087646
1R0R_EI_KI8W;-1.182741403579712;-1.0216248035430908
3SGB_EI_LI12P;9.036473274230957;4.8862152099609375
3SGB_EI_LI12H;1.8337291479110718;2.2733728885650635
1BRS_AD_HA100G;7.389355659484863;3.5740976333618164
1A22_AB_SB174A;0.03668605536222458;0.7881745100021362
2FTL_EI_KI15G;13.257462501525879;4.53069543838501
3SGB_EI_KI7S;-2.7685506343841553;-0.8008831143379211
3SGB_EI_AI9T;0.3542247712612152;-0.08819355070590973
3SGB_EI_TI11E;4.9524030685424805;2.106919288635254
1R0R_EI_YI15A;5.857390403747559;4.156293869018555
1PPF_EI_TI17W;2.348858594894409;1.464754343032837
3SGB_EI_GI26Y;3.3126256465911865;0.6863279938697815
1S1Q_AB_VA41A;0.7154095768928528;0.7980227470397949
2G2U_AB_FB142A;0.2988167703151703;1.0355662107467651
1R0R_EI_YI15V;3.755537986755371;3.216742992401123
1CSE_EI_LI38G;2.44006085395813;1.2159274816513062
1PPF_EI_YI20F;0.5157502889633179;0.8804760575294495
1P6A_AB_YA87S;0.6785866618156433;0.4656442105770111
1TM1_EI_TI39P;4.069063186645508;2.1998279094696045
4CPA_AI_VI37G;4.046000957489014;0.40537503361701965
1IAR_AB_IA5A;1.2690048217773438;0.5380638241767883
1R0R_EI_EI14F;3.8711085319519043;-0.1567036211490631
1R0R_EI_LI13A;0.4495280385017395;1.8439351320266724
1F47_AB_IA8A;2.7259674072265625;0.8818068504333496
2G2U_AB_WB112A;1.0386425256729126;0.8965050578117371
2HRK_AB_TA108V;0.7811689376831055;0.3273123502731323
3SGB_EI_TI11G;5.9747467041015625;2.308950901031494
2J0T_AD_VD69I;0.8754148483276367;0.39938056468963623
1PPF_EI_TI17N;2.8874378204345703;2.427950382232666
3SGB_EI_GI26F;3.2336673736572266;1.3567887544631958
3BTD_EI_DI13K;-12.345697402954102;-5.671835899353027
2WPT_AB_FB79A;1.4949783086776733;2.16755747795105
3SGB_EI_KI7E;0.03445864096283913;-0.6743427515029907
1FCC_AC_KC31A;3.7674002647399902;1.4732433557510376
3D5S_AC_AC31R;-2.0401322841644287;-0.7718327045440674
1R0R_EI_KI8A;-0.6526581048965454;-0.10086621344089508
3SGB_EI_KI7Y;-0.6257570385932922;-1.0260869264602661
1SGD_EI_DI13L;-6.065074920654297;-3.711780309677124
3SGB_EI_AI9K;2.6656525135040283;-0.006752364337444305
1BRS_AD_DD35A;4.643662929534912;4.824084758758545
1R0R_EI_TI12N;0.01911349408328533;0.785858690738678
1JTG_AB_VA190A;-0.5030664801597595;0.27954956889152527
2G2U_AB_EB73A;-2.144418239593506;-1.0125696659088135
1PPF_EI_AI15E;0.11298850178718567;-0.6141242980957031
1ACB_EI_LI38G;6.545913219451904;4.254254341125488
3SGB_EI_LI12A;3.1806163787841797;2.7717928886413574
2WPT_AB_KB90A;0.7034369707107544;0.9299473166465759
1A22_AB_KB80A;0.09212855994701385;-0.35119932889938354
1SMF_EI_II5A;3.827641010284424;2.2336244583129883
3SGB_EI_LI12I;4.794635772705078;4.1641082763671875
1R0R_EI_TI12D;3.090073585510254;1.2429208755493164
1R0R_EI_EI14D;0.2768278419971466;-0.36211487650871277
2FTL_EI_II18A;5.3898701667785645;4.080340385437012
3BTT_EI_TI13K;-11.374123573303223;-2.504631757736206
1KTZ_AB_FB6A;3.4703426361083984;1.3018478155136108
1R0R_EI_EI14N;2.2664804458618164;0.7465845346450806
1PPF_EI_GI32P;0.2822750210762024;1.535866618156433
3SGB_EI_YI14A;2.0795271396636963;3.3985912799835205
3SGB_EI_KI7I;-1.4386701583862305;0.13207226991653442
1R0R_EI_KI8G;-0.8971229791641235;0.21827584505081177
1PPF_EI_YI20K;4.808344841003418;4.2071380615234375
1R0R_EI_LI13I;3.4815847873687744;3.1453211307525635
1PPF_EI_YI20Q;5.02554178237915;4.669398307800293
2GOX_AB_NB38A;1.5726475715637207;0.8616765737533569
1PPF_EI_LI18W;8.071755409240723;3.2775516510009766
1CSO_EI_II13L;-4.794635772705078;-3.2135212421417236
1H9D_AB_QB66A;1.3634847402572632;0.13393375277519226
2WPT_AB_SB70A;-0.49524280428886414;0.15982413291931152
1TM1_EI_EI41A;3.238598346710205;1.7711602449417114
1R0R_EI_LI13D;4.856764316558838;2.5723588466644287
3SGB_EI_TI11M;2.1780011653900146;2.7076950073242188
1PPF_EI_AI15D;1.2178269624710083;0.4064488708972931
2FTL_EI_KI15M;8.256111145019531;0.014934316277503967
1MAH_AF_WA276R;9.490636825561523;6.2967848777771
3SGB_EI_GI26W;4.185637474060059;1.40260910987854
1A22_AB_SA62A;0.3430669903755188;0.7906994819641113
3SGB_EI_YI14Q;3.510495185852051;3.526068687438965
1AK4_AD_VD86A;1.8133459091186523;0.41463932394981384
1PPF_EI_LI18C;-0.09578384459018707;1.519924283027649
1XD3_AB_LB8A;2.9627416133880615;1.0629870891571045
1LFD_AB_KA19A;1.9799010753631592;2.1589560508728027
1JTG_AB_SB113A;-0.46515706181526184;0.8046634793281555
2FTL_EI_KI15N;8.62181282043457;2.13126277923584
1JTG_AB_YB143A;0.6998987197875977;1.3352057933807373
1Z7X_WX_DW435A;3.967684268951416;2.682485818862915
3SGB_EI_YI14M;2.142841339111328;2.2333824634552
3SGB_EI_AI9G;2.6603481769561768;2.2790050506591797
1R0R_EI_AI10W;0.22154615819454193;0.9784715175628662
3SGB_EI_AI9R;2.1780011653900146;1.143697738647461
1R0R_EI_KI8Y;-0.7440642714500427;-0.928412914276123
1PPF_EI_GI32T;3.0090742111206055;1.5464961528778076
1EAW_AB_HA138A;-0.015687083825469017;0.8649320602416992
1TM1_EI_EI41S;2.976787805557251;1.0466638803482056
1SMF_EI_SI4A;2.0710742473602295;0.40519949793815613
1Y3B_EI_SI41E;-2.976787805557251;-0.9410130381584167
1R0R_EI_AI10C;-0.517277181148529;-0.026902735233306885
1R0R_EI_KI8T;0.9519699215888977;-0.602727472782135
1R0R_EI_LI13Y;0.4780566394329071;0.3255513906478882
3SGB_EI_TI11C;3.1309030055999756;2.245948314666748
3SGB_EI_LI12N;3.637570381164551;2.2673070430755615
1PPF_EI_YI20M;3.0090742111206055;3.5381577014923096
1FFW_AB_YA105W;0.7727473974227905;0.05707012116909027
1PPF_EI_AI15P;2.1350040435791016;0.11420299112796783
3BTQ_EI_QI13K;-10.057374000549316;-2.3275227546691895
1PPF_EI_YI20N;3.898629903793335;4.5486979484558105
3SGB_EI_LI12V;3.2496273517608643;3.100057601928711
2J0T_AD_TD2S;1.7273238897323608;0.6207271814346313
1PPF_EI_AI15Y;-0.1980089694261551;-0.8205026388168335
1PPF_EI_YI20T;5.408873558044434;4.520656108856201
1TM5_EI_AI40M;-1.1133211851119995;-1.5578417778015137
1R0R_EI_LI13E;2.3010613918304443;2.029038906097412
3SGB_EI_GI26R;3.75295090675354;2.340359687805176
1GC1_GC_QC25A;0.034702032804489136;0.45112690329551697
1TO1_EI_AI42Y;-3.2300891876220703;-2.7613120079040527
1PPF_EI_LI18K;6.090997219085693;4.371878147125244
1R0R_EI_LI13H;0.6094855070114136;1.6966240406036377
3BTH_EI_HI13K;-9.4253568649292;-0.7775505781173706
1R0R_EI_TI12K;2.0690548419952393;1.3028922080993652
3SGB_EI_KI7F;-0.7762971520423889;-1.0693206787109375
1A22_AB_FA25A;-0.4658878445625305;-0.0933775082230568
1R0R_EI_AI10Q;1.9376258850097656;1.258063793182373
1JTG_AB_QA74A;0.521798312664032;1.8893375396728516
1R0R_EI_LI13N;1.6053136587142944;1.4572104215621948
1EMV_AB_NB72A;1.2623063325881958;0.48275429010391235
1R0R_EI_KI8D;-0.6348010897636414;-0.08993828296661377
1GC1_GC_TC45A;-0.16130146384239197;0.8553012013435364
2SIC_EI_MI67R;0.0;2.5924949645996094
1EMV_AB_SA48A;2.37060284614563;1.6802713871002197
1XD3_AB_RB74L;2.631734609603882;0.18576201796531677
1PPF_EI_LI18V;-0.5271170735359192;0.47774985432624817
1R0R_EI_LI13S;1.6811153888702393;1.9570484161376953
1A4Y_AB_IA459A;0.7360613346099854;0.9637068510055542
1A22_AB_IB120A;2.3400068283081055;0.3120490610599518
1R0R_EI_EI14T;4.549643039703369;0.3473533093929291
3SGB_EI_YI14V;4.7309041023254395;3.0331504344940186
1JCK_AB_VB91A;2.3097240924835205;0.30422243475914
1PPF_EI_YI20G;4.478626251220703;4.567281723022461
3SGB_EI_AI9P;0.5913566946983337;0.20751522481441498
3SGB_EI_AI9C;0.04444125294685364;-0.11078846454620361
3SGB_EI_TI11A;3.6491832733154297;2.724848747253418
1PPF_EI_GI32A;0.27560892701148987;0.5780371427536011
1A22_AB_WB63F;3.0169153213500977;1.2015693187713623
1R0R_EI_TI12I;0.2768278419971466;1.294419527053833
1R0R_EI_KI8H;-0.6348010897636414;-0.4821394383907318
1F47_AB_LA12A;2.486635684967041;0.40455180406570435
3SGB_EI_GI26Q;3.163036584854126;2.4140143394470215
1BRS_AD_HA100Q;4.92987060546875;5.238910675048828
1PPF_EI_LI18H;6.923788070678711;1.7509632110595703
1PPF_EI_GI32F;1.5853639841079712;0.6976720094680786
1TM1_EI_TI39A;2.871270179748535;1.8926258087158203
1ACB_EI_LI38I;4.590166091918945;3.1616013050079346
1A22_AB_NB173A;0.317015141248703;0.3955748677253723
1EFN_AB_TA13H;1.3471949100494385;0.6953738331794739
1R0R_EI_AI10S;1.8634722232818604;0.8521273136138916
1R0R_EI_LI13T;0.17093512415885925;1.2177722454071045
2J0T_AD_SD68R;3.0727617740631104;1.4291396141052246
1PPF_EI_YI20A;3.4348888397216797;4.527024745941162
1FC2_CD_LC13D;1.2216174602508545;0.4105614423751831
1CSE_EI_LI38P;7.238561630249023;3.074617385864258
1SBB_AB_LB20T;-0.1049657091498375;-0.05332591012120247
3SGB_EI_AI9I;-0.48488062620162964;-0.59392249584198
2O3B_AB_WB76A;4.413236141204834;4.017071723937988
3SGB_EI_TI11R;2.110707998275757;2.1457772254943848
1TM1_EI_TI39D;2.2740259170532227;-0.3322206735610962
1R0R_EI_KI8C;-0.6587240695953369;-0.06838755309581757
1PPF_EI_LI18F;5.531004905700684;4.944087028503418
1PPF_EI_YI20E;6.868443012237549;6.116919040679932
3BTW_EI_WI13K;-9.299071311950684;0.38759779930114746
1PPF_EI_TI17E;3.271408796310425;2.5077896118164062
1R0R_EI_TI12A;1.048706293106079;1.336672067642212
1KAC_AB_PA15S;-0.8595067858695984;0.01871335320174694
1PPF_EI_GI32L;3.3487753868103027;1.1288986206054688
1PPF_EI_TI17D;5.2679972648620605;2.8161003589630127
1A22_AB_NA63A;0.4820997416973114;0.7535354495048523
3SGB_EI_KI7M;-1.2478047609329224;-0.50544273853302
1PPF_EI_TI17H;1.8120876550674438;1.8559993505477905
1PPF_EI_LI18P;6.5770263671875;4.220235347747803
3SGB_EI_GI26I;4.3787078857421875;2.248490333557129
1R0R_EI_EI14W;1.97885262966156;-0.32692641019821167
1PPF_EI_GI32Q;2.9955146312713623;1.8482744693756104
2FTL_EI_KI15L;9.513711929321289;-0.30957698822021484
1EMV_AB_EA39A;2.2577106952667236;1.5508999824523926
3SGB_EI_GI26D;1.7386269569396973;1.9508990049362183
1A22_AB_WB35A;0.5974527597427368;0.26732727885246277
1PPF_EI_LI18D;8.145909309387207;3.699784994125366
1PPF_EI_LI18R;7.6869659423828125;6.47404146194458
1AK4_AD_PD90A;3.0930609703063965;2.4797017574310303
1PPF_EI_TI17I;1.5916402339935303;2.134258270263672
1A4Y_AB_EA344A;0.19349633157253265;1.1271295547485352
3SGB_EI_LI12T;3.42883038520813;2.6921348571777344
1IAR_AB_IA5R;0.8624509572982788;-0.09312250465154648
1R0R_EI_YI15P;7.119787216186523;4.828311920166016
1BRS_AD_HA100D;4.92987060546875;4.612427711486816
2SIC_EI_MI67G;0.15732724964618683;1.5190025568008423
1TM1_EI_MI40Y;0.061173051595687866;0.3924143612384796
3SGB_EI_GI26S;1.7201180458068848;1.3464442491531372
2FTL_EI_GI12A;4.714704513549805;3.039395332336426
1PPF_EI_AI15M;-0.4294036030769348;-0.55766761302948
1R0R_EI_LI13W;1.6305043697357178;0.5125696659088135
1H9D_AB_NB94A;2.3032124042510986;1.5380687713623047
1A22_AB_TA164A;2.0659751892089844;1.6208581924438477
2G2U_AB_EB73M;-3.4473135471343994;-0.6598455905914307
3SGB_EI_YI14H;1.6688698530197144;2.099233865737915
1A4Y_AB_WA263A;1.2690048217773438;1.3886268138885498
1R0R_EI_AI10K;3.287881851196289;1.602613925933838
3SGB_EI_TI11P;3.404602527618408;3.2675905227661133
2HRK_AB_TB55V;0.6762260794639587;-0.08979777246713638
1Z7X_WX_YW437F;2.346592664718628;0.9563629031181335
1PPF_EI_AI15N;0.9794914126396179;-0.5184886455535889
1EFN_AB_IA12A;1.5719658136367798;0.9388391375541687
2NU4_EI_KI13L;-3.404602527618408;-3.129701614379883
2SIC_EI_MI67H;0.23601725697517395;1.2674630880355835
1SGE_EI_EI13L;-6.401139736175537;-3.1483843326568604
2SIC_EI_MI67A;0.23601725697517395;1.4540972709655762
2GOX_AB_RB31A;2.0401322841644287;0.8242047429084778
2J0T_AD_TD2L;2.9057040214538574;1.240865707397461
1TM1_EI_YI42A;2.7956383228302;2.9352569580078125
1PPF_EI_AI15G;1.2178269624710083;0.7430933713912964
1R0R_EI_YI15H;3.4848039150238037;2.563255786895752
1A22_AB_KA157A;-0.093744195997715;-0.06470721960067749
3BK3_AC_IC28A;1.3666598796844482;0.5740489959716797
2FTL_EI_KI15W;9.299071311950684;-0.5814249515533447
3SGB_EI_TI11W;3.2496273517608643;1.6488929986953735
1ACB_EI_LI38E;7.1112213134765625;5.171469211578369
2FTL_EI_KI15A;11.161162376403809;4.1445722579956055
1PPF_EI_GI32S;0.9794914126396179;0.8287740349769592
1PPF_EI_AI15C;-0.7208201289176941;-0.19494302570819855
1R0R_EI_EI14M;1.6811153888702393;0.1850113868713379
1A22_AB_DA160A;0.9893359541893005;1.713773488998413
2SIC_EI_MI67V;0.7727473974227905;1.8216817378997803
1JTG_AB_FB142A;2.9960458278656006;2.0926129817962646
1R0R_EI_YI15F;0.6601597666740417;1.286267638206482
1R0R_EI_TI12E;3.2294797897338867;0.6657108664512634
2SIC_EI_MI67D;0.814170241355896;2.108778476715088
1H9D_AB_GB60A;2.0764219760894775;0.12076445668935776
1EMV_AB_SA46A;0.00787532888352871;0.4171907305717468
3BTG_EI_GI13K;-13.257462501525879;-4.5895843505859375
1R0R_EI_AI10R;5.917235374450684;3.148322820663452
3SGB_EI_GI26M;2.995732545852661;1.9591891765594482
2SGP_EI_PI13L;-9.036473274230957;-4.112622261047363
1KTZ_AB_VA62I;0.2631642520427704;0.3458631932735443
1B2U_AD_AD36D;-4.515660762786865;-4.7756876945495605
1CT2_EI_TI13L;-3.42883038520813;-2.2831852436065674
1Z7X_WX_KW320A;1.4314534664154053;0.006191343069076538
3SGB_EI_LI12W;1.9956443309783936;0.8149459362030029
3SGB_EI_TI11N;3.482001304626465;2.2924721240997314
3SGB_EI_AI9H;-0.48488062620162964;-0.42415744066238403
3SGB_EI_KI7D;-0.6669837832450867;-0.9748106598854065
3SGB_EI_AI9F;-1.263203501701355;-1.8967643976211548
3SGB_EI_YI14R;2.9535973072052;3.1598596572875977
1F47_AB_FA11A;2.6493072509765625;0.7591037750244141
1PPF_EI_GI32I;4.6780829429626465;2.397261142730713
1PPF_EI_LI18E;7.557388782501221;3.8602824211120605
1PPF_EI_GI32C;1.261560320854187;2.711940288543701
3SGB_EI_KI7P;0.0;-0.22634080052375793
3SGB_EI_LI12Q;2.7229790687561035;1.8685606718063354
3SGB_EI_GI26E;2.110707998275757;2.1930530071258545
1R0R_EI_AI10D;5.5940656661987305;3.9516589641571045
1R0R_EI_LI13K;3.3107545375823975;3.665128469467163
1SMF_EI_TI2A;2.2303097248077393;2.6811165809631348
3SGB_EI_LI12K;3.404602527618408;3.492833137512207
3SGB_EI_GI26N;2.434257984161377;1.9442492723464966
3SGB_EI_YI14T;5.212520122528076;2.547389268875122
1PPF_EI_YI20I;4.206575393676758;3.616039991378784
1SBN_EI_RI38K;-0.3358370065689087;-0.41048210859298706
2G2U_AB_DA79K;-0.5701337456703186;-2.1552748680114746
3SGB_EI_TI11Q;3.1459364891052246;2.0097999572753906
1KTZ_AB_IB29A;1.7263416051864624;0.7053216099739075
1R0R_EI_AI10E;4.897991180419922;0.7116129398345947
1R0R_EI_KI8R;0.1457444131374359;0.25232499837875366
1R0R_EI_TI12V;1.0791418552398682;1.5832891464233398
3SGB_EI_TI11S;2.677532434463501;2.2104010581970215
2FTL_EI_KI15H;9.4253568649292;0.7699273824691772
3SGB_EI_AI9S;0.9746886491775513;-0.3769558072090149
1R0R_EI_YI15E;4.9411540031433105;2.897569179534912
1PPF_EI_YI20D;6.868443012237549;5.798028945922852
3SGB_EI_LI12E;6.607052803039551;3.600351333618164
1R0R_EI_YI15C;3.4815847873687744;3.457730531692505
3SGB_EI_LI12R;3.6024107933044434;4.112936973571777
1CSE_EI_LI38S;1.2719080448150635;1.3523436784744263
3SGB_EI_LI12D;6.065074920654297;3.624713659286499
1FCC_AC_TC25A;0.2602401673793793;0.7100319862365723
1A22_AB_RB30A;0.6148927211761475;0.2977887690067291
1BRS_AD_HA100A;6.87630558013916;6.677958965301514
1Z7X_WX_WW375A;1.8087133169174194;0.3404887914657593
1A22_AB_LA45A;1.3265771865844727;1.3856921195983887
2FTL_EI_KI15F;7.542201519012451;-0.8902473449707031
1BRS_AD_RA57A;5.404550552368164;5.083390712738037
1PPF_EI_YI20H;2.5846879482269287;2.942254066467285
3SGB_EI_YI14S;2.1780011653900146;3.027763843536377
1JTG_AB_EA85A;2.4618079662323;3.942476272583008
1JCK_AB_YB26A;1.9130282402038574;1.420334815979004
3SGB_EI_LI12C;-0.014325646683573723;2.577766180038452
3SGB_EI_KI7A;-2.752013683319092;-0.4079965054988861
1PPF_EI_YI20W;0.25184279680252075;1.6864265203475952
1R0R_EI_TI12L;0.7155050039291382;1.1879703998565674
1R0R_EI_EI14Y;2.0220155715942383;-0.13733962178230286
1PPF_EI_GI32H;1.6102253198623657;0.2507978677749634
1IAR_AB_RA85E;1.3266774415969849;0.947917103767395
3SGB_EI_YI14W;0.4159277081489563;0.8058413863182068
1R0R_EI_KI8Q;-0.5680148601531982;-0.6947634220123291
1R0R_EI_AI10I;-1.9253590106964111;0.10033091902732849
1FFW_AB_EB20A;0.6924137473106384;0.4533902108669281
2FTL_EI_KI15Y;7.359527587890625;-1.6379362344741821
1PPF_EI_LI18S;3.308258056640625;2.680593252182007
2VLQ_AB_AB86F;-4.20412540435791;-4.107442855834961
1BRS_AD_WD44F;0.061173051595687866;0.28237542510032654
1PPF_EI_YI20S;3.898629903793335;4.741064071655273
1A4Y_AB_KA320A;-0.3358370065689087;0.1302875280380249
1A4Y_AB_WA261A;0.10904651135206223;1.2720768451690674
3D5R_AC_AC38N;-1.5726475715637207;-0.7673457860946655
1PPF_EI_AI15F;-0.07805170118808746;-0.6113386750221252
1JTG_AB_WB150A;4.674540996551514;3.514191150665283
2BTF_AP_FP59A;1.7287412881851196;1.5125315189361572
3SGB_EI_AI9Q;0.46027326583862305;-0.44360828399658203
1R0R_EI_AI10M;-1.8612759113311768;0.20977619290351868
1R0R_EI_TI12H;0.5624462962150574;0.09951820969581604
1R0R_EI_KI8E;-0.1181630864739418;-0.09039627015590668
1PPF_EI_YI20R;4.6780829429626465;4.387085914611816
1R0R_EI_YI15N;6.009212493896484;3.6177353858947754
1PPF_EI_TI17F;1.8295751810073853;2.0482664108276367
1R0R_EI_KI8P;1.4420818090438843;0.48876550793647766
1R0R_EI_YI15G;6.849788665771484;4.448210716247559
2J0T_AD_TD2A;4.747206211090088;0.7187928557395935
1EMV_AB_VA32A;2.794440746307373;2.32151198387146
3SGB_EI_TI11K;2.1780011653900146;2.290860891342163
1A4Y_AB_RB31A;0.2714027464389801;0.7483385801315308
2FTL_EI_KI15T;11.374123573303223;2.5250163078308105
2NU1_EI_HI13L;-1.8337291479110718;-1.8904218673706055
2FTL_EI_KI15I;11.990154266357422;2.4543445110321045
3SGB_EI_YI14N;3.3794119358062744;3.0609641075134277
1PPF_EI_LI18Q;3.5816164016723633;1.7552073001861572
1JCK_AB_YB90A;2.625220537185669;1.0281970500946045
1R0R_EI_AI10Y;-0.8971229791641235;0.48155730962753296
2SIC_EI_MI67L;-0.2602401673793793;0.06968845427036285
2I26_NL_AN29V;0.03292163833975792;-0.25686633586883545
3SGB_EI_TI11L;2.644162893295288;1.686665415763855
1SGP_EI_AI13L;-3.1981961727142334;-2.7663824558258057
1Z7X_WX_YW434F;0.13067618012428284;1.8225425481796265
1R0R_EI_YI15T;5.857390403747559;2.7583189010620117
1JTG_AB_WB112A;3.1455860137939453;1.7866376638412476
1KTZ_AB_TB27A;1.8815938234329224;0.6295076608657837
1R0R_EI_LI13R;3.1406848430633545;3.9970531463623047
3SGB_EI_GI26P;1.1735693216323853;1.3776179552078247
1JTG_AB_FB36A;3.492872714996338;2.5266106128692627
reverse_1BRS_AD_HA100Q_RA57K;-7.4882941246032715;-7.357250213623047
3S9D_AB_MB35V_LA23A;7.706867218017578;5.936657905578613
4RS1_AB_DA28K_DA92K;4.4665350914001465;6.522857666015625
reverse_1CZ8_HLVW_LL4M_HH31N_YH101H_TH105S;-1.7067961692810059;-1.8998539447784424
1PPF_EI_AI15G_LI18M_LI23V_KI29I_EI43K;2.439060688018799;3.079808235168457
reverse_1A22_AB_QB171A_RB172A_NB173A;-1.195546269416809;-1.9014192819595337
4G0N_AB_QB13A_SA39A;2.2706246376037598;2.0615196228027344
1MLC_ABE_NA92A_TB28D_SB57V_TB58D_YB32R_RB98S;2.0048019886016846;-1.804502248764038
1BRS_AD_RA57A_TD42A;7.389355659484863;7.05071496963501
1A22_AB_FA25A_YA42A_QA46A;0.2119259536266327;0.5447110533714294
2VN5_AB_AB14S_LB15T;1.4253628253936768;-0.07513158023357391
1BP3_AB_KA164A_EA170A;5.858701229095459;3.2322497367858887
reverse_1LFD_AB_YA18A_DB38A;-5.289980888366699;-5.802264213562012
1JTG_AB_QA74A_FB142A;3.0541040897369385;3.0851073265075684
1CZ8_HLVW_LL4M_DH28T_HH31N_YH101H;1.5221529006958008;1.9740731716156006
1Z7X_WX_YW434A_YW437A;7.844508647918701;8.441289901733398
reverse_1DQJ_ABC_DB32A_KC97A;-1.216475486755371;-5.872207164764404
1VFB_ABC_DB100A_SC24A;3.6522505283355713;3.9537546634674072
1Y4A_EI_SI40E_RI39M;-3.8455092906951904;-3.766550302505493
3S9D_AB_IB90A_LA124A;3.625688314437866;2.608189344406128
1JTG_AB_EA79A_SB113A;2.01996111869812;0.8338518142700195
5M2O_AB_VB21A_QB25A;3.7053844928741455;3.455018997192383
1BRS_AD_HA100Q_RA57K;7.4882941246032715;7.3668437004089355
2G2U_AB_WB112A_YB143A;-0.4437485635280609;-1.0999279022216797
1R0R_EI_AI10D_LI13A_YI15D;9.570335388183594;11.0847806930542
1JTG_AB_KB74A_FB142A_YA80A;5.177463054656982;5.761714935302734
1JTG_AB_MA104A_SB113A_SB71A;1.8121613264083862;0.8783933520317078
1JTG_AB_VA190A_YB50A;-0.9593372941017151;-1.4528498649597168
1LFD_AB_NA16A_SB39A;0.0;-0.20174263417720795
2DVW_AB_RB3A_RB7A;2.3328566551208496;1.8402535915374756
1PPF_EI_AI15V_TI17S_LI18P_RI21M_NI28S_GI32N_NI36D_NI39S_SI51G;7.889398574829102;5.289898872375488
1R0R_EI_AI10D_LI13A;5.917235374450684;5.480128765106201
1LFD_AB_KA39A_DB38A;6.58699369430542;5.638844013214111
1R0R_EI_AI10R_LI13R;8.279179573059082;8.07568645477295
1R0R_EI_KI8S_PI9D_AI10Y_LI13G_EI14I_RI16K;0.8570005893707275;0.9570693969726562
2G2U_AB_DA79A_EB73M_FB142A;-0.7517256140708923;-1.8911726474761963
1JTG_AB_KB74A_FB142A_EA79A_YA80A;3.39113712310791;7.504974842071533
1JTG_AB_YB143A_EA79A;2.01996111869812;2.3902173042297363
3SGB_EI_TI11P_LI12K_GI26D;7.000627040863037;7.786513328552246
3SGB_EI_TI11R_LI12R;5.9403395652771;5.080784797668457
1R0R_EI_AI10T_LI13M;0.2768278419971466;0.6351649761199951
2G2U_AB_YB50A_YB143A;-2.248728036880493;-3.373204231262207
1BRS_AD_HA100A_WD38F;8.279122352600098;8.333556175231934
3HFM_HLY_YH33A_KY97A;7.8342390060424805;7.889989852905273
reverse_1PPF_EI_AI15R_LI18R;-7.840238571166992;-7.1942973136901855
1JTG_AB_FB142A_YB143A_YA80A;3.2358548641204834;3.749246835708618
3S9D_AB_MB35V_AA116G;5.742063045501709;4.185063362121582
reverse_1PPF_EI_AI15V_TI17S;-1.8892061710357666;-2.000494956970215
1BRS_AD_HA100Q_RA57A;10.084857940673828;10.32624626159668
3SGB_EI_AI9D_LI12A;2.802859306335449;3.4754602909088135
3S9D_AB_IB90A_SA123A;3.528254508972168;2.4045770168304443
3HFM_HLY_YL50A_KY97A;7.933177947998047;9.762821197509766
reverse_2VN5_AB_AB14S_LB15T;-1.4253628253936768;0.07691000401973724
1JTG_AB_EA79A_YA80A;1.1126084327697754;1.6595970392227173
3S9D_AB_WB87A_SA123A;2.9809153079986572;2.014586925506592
3S9D_AB_EB66A_RA120A;3.9352128505706787;3.9965882301330566
1B41_AB_TB8V_TB9I;0.42758244276046753;1.2241822481155396
reverse_2C5D_ABCD_TA26D_TB26D;-0.7854573130607605;0.501991868019104
5CYK_AB_EB52R_TB50Q;-2.8361499309539795;-2.751657009124756
2C5D_ABCD_KC178E_KD178E;0.8040624260902405;1.240112066268921
1MLC_ABE_NA92A_TB28D_SB57V_TB58D_SA91N;2.0048019886016846;-1.8305928707122803
reverse_3KUD_AB_KB30A_FB6W_NB16R_VB33I;-2.1167678833007812;-0.3187199831008911
1A4Y_AB_RB5A_YA434A;7.561535835266113;5.91636848449707
reverse_1A4Y_AB_KB40G_YA434A_YA437A;-9.88354206085205;-5.998813629150391
2G2U_AB_EB73A_YB50A;-2.6569254398345947;-2.877492666244507
3VR6_ABCDEFGH_RG134A_RG135A;1.5167819261550903;1.935222864151001
1R0R_EI_EI5D_AI10V_TI12S_YI15D_RI16M_NI23S_GI27S_EI38D;5.704331874847412;6.155122756958008
3HFM_HLY_DH32N_KY97A;5.301621437072754;5.383450508117676
1A22_AB_RB172A_NB173A;0.9778270125389099;0.9413167238235474
3VR6_ABCDEFGH_LD386A_LE386A_LF389A;1.2315195798873901;1.9292248487472534
reverse_1PPF_EI_AI15D_LI18A_YI20D;-9.348967552185059;-9.088414192199707
3SGB_EI_AI9R_TI11K_LI12R_RI15L;7.470583915710449;6.749875068664551
3SGB_EI_EI4D_KI7M_LI12M_LI17V;0.08287016302347183;-1.1050665378570557
reverse_1A22_AB_RB172A_NB173A;-0.9778270125389099;-0.9600710868835449
1JTG_AB_EB73M_KB74A_FB142A;4.951294422149658;5.101086139678955
reverse_1BRS_AD_KA25A_DD35A;-10.345097541809082;-9.92268180847168
1JTG_AB_QA74A_WB150A;4.142360687255859;3.9109554290771484
3HFM_HLY_WH98F_YY20A;6.751213073730469;6.952345848083496
1A4Y_AB_RB5A_YA434A_YA437A;9.242654800415039;6.615138053894043
3SGB_EI_LI12M_YI14Q;4.040578365325928;3.9785218238830566
reverse_1LFD_AB_SA20A_DB38A;-3.5617969036102295;-4.572117805480957
reverse_1BRS_AD_RA81Q_DD35A;-10.406270980834961;-9.809348106384277
3SGB_EI_KI7R_AI9R_TI11K_LI12R;5.984289646148682;5.150938034057617
1JTG_AB_MA104A_FB36A;3.933983087539673;4.353784084320068
3S9D_AB_IB90A_LA23A;5.903735637664795;5.349911212921143
1JTG_AB_QA74A_WB162A;3.132261037826538;2.799746513366699
4YH7_AB_MB45A_YB47A_PB58A_FB61A;1.8784728050231934;4.5573344230651855
reverse_3HFM_HLY_DH32A_KY97A;-4.97743558883667;-7.152518272399902
1VFB_ABC_YA32A_QC121A;1.719002604484558;4.280187606811523
reverse_1A22_AB_FA25A_YA42A_QA46A;-0.2119259536266327;-0.5533486008644104
1MAH_AF_YA69N_WA276R;12.529029846191406;12.80176830291748
1JTG_AB_FB142A_YB143A_KA208A;5.0721588134765625;4.985883712768555
3SGB_EI_AI9R_LI12R;5.508581161499023;5.223077297210693
reverse_3HFM_HLY_YL50A_RY21A;-6.900190353393555;-5.863811492919922
reverse_1BRS_AD_RA57A_DD39A;-12.308271408081055;-11.252476692199707
1DQJ_ABC_YB53A_DC101A;2.955742120742798;2.0673723220825195
1EMV_AB_FB86A_YA52A;9.45058822631836;7.066786766052246
1R0R_EI_PI9S_AI10L_TI12K_LI13R;5.234920978546143;3.701779842376709
1PPF_EI_AI15R_LI18R;7.840238571166992;7.209951400756836
1PPF_EI_AI15D_LI18A_YI20D;9.348967552185059;9.08559799194336
reverse_2VN5_AB_SB42A_TB43F_TA35A_NA37A_YA39A_NA81A;-5.63584566116333;-2.578914165496826
1A22_AB_QB171A_RB172A_NB173A;1.195546269416809;1.8893336057662964
reverse_1VFB_ABC_YA32A_QC121A;-1.719002604484558;-4.292142391204834
reverse_1VFB_ABC_YA50A_DC18A;-1.3720494508743286;-1.2943003177642822
3SGB_EI_KI7T_PI8E_AI9Y;-4.140626907348633;-1.8277300596237183
1R0R_EI_TI12M_LI13S_GI27V;3.224567413330078;4.861079216003418
1MHP_HLA_NL29Y_SL90I;0.47078225016593933;2.2442216873168945
2G2U_AB_DA79A_EB73M_KB74A_FB142A;-1.072985291481018;-1.291646957397461
1A4Y_AB_KB40G_YA434A_DA435A;6.731796741485596;7.062673568725586
1GL0_EI_MI28K_LI27R;4.150768280029297;1.510820746421814
1A22_AB_RA64A_DA160A;3.5996928215026855;3.035825252532959
1AHW_ABC_RC189A_KC190A;4.3532795906066895;2.5652036666870117
reverse_1A4Y_AB_RB5A_YA434A_DA435A;-10.949451446533203;-8.01230525970459
3MZG_AB_HA167A_HB188A;2.8755593299865723;2.8016066551208496
1JTG_AB_EA79A_SB113A_SB71A;2.796168327331543;0.9023356437683105
reverse_1A22_AB_RA156K_DA160H_IA168V_QA170K;-2.1167678833007812;1.2489596605300903
1R0R_EI_KI8S_PI9D_AI10Y;-2.071288824081421;-2.27398943901062
1JTG_AB_VA190A_FB142A;2.381613254547119;2.4837756156921387
3SGB_EI_AI9G_TI11M_LI12M_YI14R_RI15L_GI26N_NI27D_SI45N_KI49E;8.56912899017334;9.171112060546875
reverse_1DQJ_ABC_YB53A_DC101A;-2.955742120742798;-2.0755152702331543
2C5D_ABCD_AA126V_AB126V;0.8221433758735657;-1.4820013046264648
reverse_3HFM_HLY_DH32N_KY97M;-0.3278638422489166;-1.465190052986145
reverse_1BRS_AD_HA100Q_RA57A;-10.084857940673828;-10.363565444946289
5CYK_AB_EB52R_VB54W;-2.292327880859375;-2.6269659996032715
reverse_1A22_AB_RA64A_DA160A;-3.5996928215026855;-3.034125804901123
1R0R_EI_AI10V_TI12S;0.10139885544776917;0.011045210063457489
reverse_3HFM_HLY_YL50A_KY97A;-7.933177947998047;-9.85278606414795
2G2U_AB_EB73M_FB142W_YB143F;-1.200448989868164;-4.768776893615723
reverse_1BP3_AB_KA164A_EA170A;-5.858701229095459;-3.2344512939453125
3S9D_AB_MB35V_LA124A;4.9110331535339355;3.9151318073272705
reverse_1PPF_EI_LI18M_YI20Q;-6.247979164123535;-6.270764350891113
3KUD_AB_KB30A_VB33I;2.9888525009155273;1.5715283155441284
1R0R_EI_TI12P_LI13K_EI14D_LI18V_SI46N;8.073830604553223;5.602673053741455
3S9D_AB_HB65A_LA124A;3.184410572052002;1.204007863998413
3SGB_EI_LI12M_TI24S_GI26D;2.489603281021118;2.446782350540161
1JTG_AB_YB143A_YA80A;1.1650785207748413;0.7727867364883423
reverse_1BRS_AD_HA100A_DD39A;-9.740743637084961;-13.174805641174316
1R0R_EI_EI5D_KI8R_AI10V_EI14D_RI16M_GI27S_EI38D_LI43I_KI50R;-0.4393741488456726;1.5135160684585571
1JTG_AB_EA85A_SB113A;4.946120262145996;1.1131263971328735
3VR6_ABCDEFGH_VD385A_VE385A_VF388A;0.7564976215362549;1.2611403465270996
3SGB_EI_AI9D_GI26A_NI27S;2.3365445137023926;2.137467861175537
4RS1_AB_LA95A_FA99A;4.4665350914001465;6.259155750274658
1PPF_EI_AI15D_GI32A;1.2400707006454468;1.5702686309814453
1OHZ_AB_SB45A_TB46A;0.09703915566205978;0.7085997462272644
1JTG_AB_EA79K_DB49A;6.110551357269287;5.300904750823975
3SGB_EI_EI4D_YI5H_TI11L_LI12Q_YI14Q_RI15K_GI26D_NI30S_EI37D;7.981118679046631;8.181905746459961
1DVF_ABCD_NB56A_QD104A;1.6115118265151978;2.3081817626953125
reverse_1LFD_AB_YA18F_SB39A;-0.8675594329833984;-0.5517810583114624
1DQJ_ABC_DB32A_KC97A;1.216475486755371;5.862296104431152
1FSS_AB_TB8V_TB9I;0.47867193818092346;-0.2376033365726471
1A4Y_AB_YA434A_YA437A;7.199203014373779;4.321659564971924
1A4Y_AB_KB40G_YA434A_YA437A;9.88354206085205;6.059706211090088
1JTG_AB_FB142A_EA79A_YA80A;1.6304420232772827;4.579644680023193
1GL1_AI_KI30M_AI31G;2.235506057739258;-0.4525306224822998
reverse_3HFM_HLY_DH32A_KY97M;-1.2176308631896973;-3.030346632003784
3S9D_AB_WB87A_LA124A;3.189781427383423;2.4284653663635254
3HFM_HLY_DH32A_KY97M;1.2176308631896973;3.025913715362549
4MYW_AB_TB31A_QB32A_EB93A_NB101A;-0.5739790201187134;1.508483648300171
reverse_1BRS_AD_HA100A_WD38F;-8.279122352600098;-8.339404106140137
1DVF_ABCD_DB58A_QD104A;1.5869176387786865;3.189788341522217
1A4Y_AB_YA434A_DA435A;7.389355659484863;5.669742584228516
3S9D_AB_EB66A_SA123A;3.8390586376190186;3.6388638019561768
1MLC_ABE_NA92A_TB28D_SB57V_TB58D;-2.5241692066192627;-1.9877337217330933
reverse_1A4Y_AB_RB5A_YA434A_YA437A;-9.242654800415039;-6.6128339767456055
3S9D_AB_MB35V_RA120A;6.572326183319092;4.643624305725098
1R0R_EI_AI10V_TI12S_LI13P_RI16M_NI23S_GI27N_NI31D_NI34S_SI46G;9.877169609069824;5.853532791137695
3S9D_AB_HB65A_LA19A;3.3112430572509766;1.9847911596298218
2C5D_ABCD_KA34E_KB34E;2.1105990409851074;2.29489803314209
3S9D_AB_EB66A_AA116G;5.461445331573486;4.272329807281494
3SGB_EI_KI7R_PI8F_AI9R_TI11K_LI12R;6.137158393859863;5.022855281829834
1BRS_AD_RA81Q_WD38F;7.321732044219971;7.026466369628906
3SGB_EI_LI12M_GI26D;2.434257984161377;2.217787027359009
1JTG_AB_FB142A_EA79A;2.9769179821014404;4.488399028778076
2J0T_AD_TD2S_VD4A_SD68Y;2.3262152671813965;4.168268203735352
1PPF_EI_LI18I_GI32D;2.6996400356292725;2.3769173622131348
reverse_1PPF_EI_LI18M_TI30S_GI32D;-4.468643665313721;-4.469607353210449
1JTG_AB_KB74A_FB142A_YB143A;4.220072269439697;7.1477861404418945
1JTG_AB_EA79A_EB73M_KB74A_FB142A;2.805959939956665;5.944640159606934
2G2U_AB_EB73M_FB142A;0.3499895930290222;-2.6682028770446777
1JTG_AB_FB142A_YB143A;3.080120086669922;3.9037814140319824
reverse_2C5D_ABCD_TC182E_TD182E;-0.8040624260902405;-0.016146957874298096
reverse_1PPF_EI_EI10D_AI15V_TI17S_YI20D_RI21M_NI28S_GI32S_EI43D;-8.004462242126465;-7.433101654052734
3SGB_EI_AI9T_LI12M;0.5096917748451233;0.8162964582443237
2J0T_AD_TD2L_VD4S_SD68A;5.726840972900391;5.404044151306152
reverse_1BRS_AD_RA57A_WD38F;-6.801251411437988;-6.338495254516602
3S9D_AB_MB35V_SA123A;4.420646667480469;2.645695447921753
1FSS_AB_TB8V_TB9N;0.38776957988739014;1.3355237245559692
1B41_AB_TB8V_TB9N;2.630150318145752;4.308863162994385
3SGB_EI_AI9D_GI26A;1.1566648483276367;1.767342448234558
1R0R_EI_TI12K_LI13R;5.6273193359375;4.209796905517578
5CYK_AB_EB52R_EB47D;-2.508286237716675;-2.497952699661255
1LFD_AB_YA18F_SB39A;0.8675594329833984;0.5525548458099365
2NOJ_AB_RB24A_NB31A;0.8110770583152771;2.5560789108276367
reverse_1A4Y_AB_RB5A_YA434A;-7.561535835266113;-5.920886993408203
3S9D_AB_HB65A_RA120A;4.166922569274902;2.7834572792053223
3SGB_EI_LI12I_GI26D;6.254204750061035;6.5024590492248535
1CZ8_HLVW_LL4M_DH28T_HH31N_YH101H_TH105S;2.5610172748565674;2.0531580448150635
1JTG_AB_QA74A_WB112A;3.832597494125366;2.7622523307800293
reverse_1BRS_AD_RA57A_TD42A;-7.389355659484863;-7.067378997802734
3SGB_EI_EI4D_AI9V_TI11S_RI15M_NI22S_GI26S_EI37D;3.42883038520813;3.004894256591797
3SGB_EI_PI8S_AI9R_TI11P_LI12R;8.791762351989746;6.259544849395752
3SGB_EI_AI9R_TI11K_LI12R_EI13S;7.697836399078369;6.808075428009033
1PPF_EI_LI18M_TI30S_GI32D;4.468643665313721;4.459057331085205
1GUA_AB_VB14A_EA37A;1.842421054840088;1.3903098106384277
1LFD_AB_YA18A_DB38A;5.289980888366699;5.809706687927246
reverse_3HFM_HLY_DH32N_KY97A;-5.301621437072754;-5.446639537811279
reverse_1VFB_ABC_DB100A_SC24A;-3.6522505283355713;-3.95442271232605
1LFD_AB_SA20A_EB37A;2.481231927871704;1.7240289449691772
1AHW_ABC_KC158A_NC160A_NC162A;4.41445255279541;2.5841622352600098
4NKQ_CAB_DB176A_VB177A_RB178A_IB179A;-0.13025377690792084;3.0014257431030273
3SGB_EI_EI4D_YI5H_TI11L_LI12Q_YI14Q_RI15K_LI17I_GI26D_NI30S_EI37D;7.9489850997924805;8.202963829040527
reverse_2C5D_ABCD_LC105E_LD105E;-0.2602401673793793;-1.4923638105392456
2DVW_AB_RB3A_RB4A_RB7A;3.022697925567627;2.21911358833313
1PPF_EI_AI15T_LI18M;-1.5971627235412598;2.4283506870269775
reverse_1PPF_EI_AI15G_LI18M_LI23V_KI29I_EI43K;-2.439060688018799;-3.0764005184173584
reverse_1MHP_HLA_SL90R_NL29E;-2.955742120742798;-3.332794427871704
reverse_1EMV_AB_FB86A_VA32A;-5.054717540740967;-6.104367733001709
1MLC_ABE_NA92A_TB28D_SB57V_TB58D_EB35S;2.0659751892089844;-1.489356517791748
2OOB_AB_AA6S_KA7E_AA9E_GA13S;3.3620171546936035;2.4063119888305664
reverse_3HFM_HLY_YL50F_RY21A;-4.693853378295898;-3.8705391883850098
1A22_AB_KA157A_EA163A;-0.833920419216156;-0.6527594923973083
reverse_1LFD_AB_KA39A_DB38A;-6.58699369430542;-5.635030746459961
1BJ1_HLVW_ML4L_TH28D_NH31H_HH101Y_SH105T;-1.7946288585662842;-1.8707115650177002
reverse_1DQJ_ABC_WB98A_SC100A;-5.8117756843566895;-5.850982666015625
3SGB_EI_TI11P_LI12K_EI13D_LI17V_GI26S_SI45N;5.4087419509887695;7.305312633514404
1VFB_ABC_WA92A_QC121A;3.8139374256134033;5.613428115844727
reverse_1A4Y_AB_YA434A_DA435A;-7.389355659484863;-5.675174713134766
3S9D_AB_WB87A_RA5A;2.536031723022461;1.9926749467849731
reverse_3HFM_HLY_YH33A_KY97A;-7.8342390060424805;-8.14220142364502
1JTG_AB_QA74A_DB49A;2.381613254547119;2.4687931537628174
2WPT_AB_FB79A_NA31A;1.4649043083190918;1.3671036958694458
3NGB_HLG_AH57G_VH58T_PH63K_VH74T;1.8137080669403076;0.18573755025863647
1JTG_AB_FB142A_YB143A_SA105A;4.504859924316406;4.418826103210449
3SGB_EI_KI7T_PI8E_AI9Y_LI12G_RI15M_GI26P_NI30V;1.982578992843628;3.659337282180786
3VR6_ABCDEFGH_LA477A_LB482A_LC472A_VA478A_VB483A_VC473A_LG139N;-0.08570462465286255;3.081902265548706
reverse_2C5D_ABCD_TC51R_TD51R;-2.5339713096618652;-2.197449207305908
3HFM_HLY_DH32A_KY97A;4.97743558883667;7.136102199554443
1JTG_AB_YB143A_EA79A_YA80A;2.2259297370910645;2.4518258571624756
1JTG_AB_EA79A_EB73M_KB74A;2.277397632598877;3.546081304550171
2G2U_AB_EB73M_SB130K_FB142W_YB143F;-2.1844892501831055;-5.564085960388184
1R0R_EI_LI13M_YI15Q;3.8946757316589355;4.131563186645508
4G0N_AB_QB13A_RA41A;1.4056179523468018;1.6835588216781616
2G2U_AB_EB73M_YB143F;-1.7251818180084229;-3.419172763824463
3S9D_AB_RA120A_EB66A;3.9027302265167236;4.513965129852295
1CZ8_HLVW_LL4M_HH31N_YH101H_TH105S;1.7067961692810059;1.9112403392791748
reverse_1PPF_EI_LI18M_GI32D;-4.264681339263916;-3.9629173278808594
3SGB_EI_AI9R_TI11K_LI12R;7.254385948181152;5.815328598022461
1BJ1_HLVW_TH28D_NH31H_HH101Y_SH105T;-1.9009954929351807;-2.757112979888916
3SGB_EI_KI7S_PI8D_AI9Y;-4.4409403800964355;-4.008519172668457
2C5D_ABCD_TC182E_TD182E;0.8040624260902405;0.1967822015285492
1JTG_AB_EA79A_EB73M_FB142A;3.092257022857666;4.145478248596191
3SGB_EI_AI9G_LI12M_LI17V_KI23I_EI37K;3.4552135467529297;3.5954928398132324
3U82_AB_TB28A_QB29A_EB90A_NB98A;-1.0949312448501587;1.1503491401672363
1A22_AB_RA156K_DA160H_IA168V_QA170K;2.1167678833007812;-1.1258130073547363
2G2U_AB_EB73M_KB74A_FB142A;1.6116420030593872;-1.3860995769500732
1JTG_AB_EA79A_EB73M;1.9955337047576904;1.766846776008606
reverse_4G0N_AB_FB8W_VB16E_NB18R_VB35I;-1.970319390296936;-2.016273021697998
1TM1_EI_TI39D_EI41A;0.8170291781425476;4.650618076324463
reverse_1DQJ_ABC_YB53A_LC75A;-1.3188742399215698;-2.38192081451416
reverse_1BRS_AD_HA100A_TD42A;-8.813709259033203;-8.565284729003906
1JTG_AB_KB74A_YB143A_YA80A;3.678123950958252;3.726778507232666
reverse_1PPF_EI_LI18I_GI32D;-2.6996400356292725;-2.395641803741455
3SGB_EI_AI9R_TI11P_LI12R;9.167092323303223;7.716487884521484
1LFD_AB_YA18F_EB37A;1.4012088775634766;2.4309322834014893
reverse_1LFD_AB_SA20A_EB37A;-2.481231927871704;-1.7225202322006226
1R0R_EI_KI8T_PI9E_AI10Y;-0.9367117285728455;-1.6531755924224854
3HFM_HLY_DH32N_KY97M;0.3278638422489166;1.4306631088256836
1R0R_EI_AI10R_TI12K_LI13R;9.951340675354004;9.423295974731445
reverse_1DQJ_ABC_WB98A_KC97A;-7.218417167663574;-7.5254926681518555
1JTG_AB_PA82A_YB50A;-0.701099693775177;-0.6342926621437073
reverse_3KUD_AB_KB30A_VB33I;-2.9888525009155273;-1.5702420473098755
1PPF_EI_LI18M_YI20Q;6.247979164123535;6.263291835784912
reverse_1BRS_AD_KA25A_WD38F;-5.5393385887146;-7.03420352935791
4G0N_AB_FB8W_VB16E_NB18R_VB35I;1.970319390296936;2.014885902404785
1JTG_AB_EB73M_FB142A;2.752277374267578;3.2331628799438477
1DVF_ABCD_WB52A_QD104A;4.51184606552124;5.195343494415283
reverse_1MHP_HLA_NL29Y_SL90I;-0.47078225016593933;-2.2476658821105957
5M2O_AB_NA71A_NA120A;2.7469429969787598;0.6673069000244141
reverse_2C5D_ABCD_AA126V_AB126V;-0.8221433758735657;1.4849895238876343
3VR6_ABCDEFGH_LA477A_LB482A_LC472A_VA478A_VB483A_VC473A_RG134A_RG135A;2.2206459045410156;5.153046607971191
3VR6_ABCDEFGH_LA477A_LB482A_LC472A_VA478A_VB483A_VC473A;-0.24048997461795807;2.701350212097168
1DQJ_ABC_WB98A_KC97A;7.218417167663574;7.713948726654053
3SGB_EI_TI11P_LI12K;6.762291431427002;6.221376895904541
reverse_1EMV_AB_FB86A_YA52A;-9.45058822631836;-7.068368434906006
1MLC_ABE_NA92A_TB28D_SB57V_TB58D_RB98M_DB100Q;-0.4448835253715515;-1.2765228748321533
3SGB_EI_TI11K_LI12R;5.678427696228027;5.166977882385254
reverse_3KUD_AB_KB30A_FB6W_VB14E_NB16R_VB33I;-4.295094966888428;-0.466230571269989
3S9D_AB_IB90A_LA19A;3.2887203693389893;3.137263536453247
1JTG_AB_EA85A_YB50A;4.297750949859619;0.528559148311615
1BRS_AD_RA81Q_TD42A;6.616608142852783;7.115472793579102
1MLC_ABE_NA92A_TB28D_SB57V_TB58D_NA32L;-2.8009567260742188;-2.193185329437256
3S9D_AB_IB90A_RA120A;5.317577838897705;4.254205226898193
1BRS_AD_KA25A_WD38F;5.5393385887146;7.064706802368164
4NKQ_CAB_DC99K_RB80D_KB90D;0.5801963806152344;-0.8795863389968872
reverse_1BRS_AD_RA81Q_WD38F;-7.321732044219971;-7.061036109924316
reverse_2C5D_ABCD_KC178E_KD178E;-0.8040624260902405;-1.249337911605835
1BRS_AD_RA57A_WD38F;6.801251411437988;6.343933582305908
1R0R_EI_EI5D_KI8M_LI13M_LI18V;-1.8777413368225098;-0.7965278029441833
1JTG_AB_KB74A_FB142A_YB143A_YA80A;4.5819268226623535;6.870839595794678
reverse_1PPF_EI_EI10D_YI11H_AI15V_TI17S_RI21M_NI28S_GI32S_NI36D;-0.31602582335472107;-0.7289552688598633
1EMV_AB_FB86A_VA32A;5.054717540740967;6.14321756362915
1TM1_EI_EI41S_MI40R;3.8455092906951904;3.599172353744507
1PPF_EI_EI10D_AI15V_TI17S_YI20D_RI21M_NI28S_GI32S_EI43D;8.004462242126465;7.385469436645508
1MLC_ABE_NA92A_TB28D_SB57V_TB58D_GB99D;-0.2206433266401291;-2.8400959968566895
1DQJ_ABC_WB98A_YC20A;5.540656566619873;7.899726867675781
3S9D_AB_HB65A_SA123A;1.230340838432312;1.252585530281067
reverse_4G0N_AB_QB13A_SA39A;-2.2706246376037598;-2.0585837364196777
1PPF_EI_EI10D_YI11H_AI15V_TI17S_RI21M_NI28S_GI32S_NI36D;0.31602582335472107;0.7466115951538086
reverse_1CZ8_HLVW_LL4M_DH28T_HH31N_YH101H;-1.5221529006958008;-1.9649828672409058
1BRS_AD_KA25A_DD39A;8.967996597290039;11.205382347106934
1JTG_AB_FB142A_YB143A_EA79A;3.132261037826538;4.692743301391602
reverse_1BRS_AD_KA25A_DD39A;-8.967996597290039;-11.200397491455078
1MLC_ABE_NA32G_NA92A_SB57V_TB58D;-1.8804206848144531;-2.419468402862549
1JTG_AB_EA85A_SB113A_SB71A;5.462551593780518;1.375370979309082
1R0R_EI_TI12R_LI13R;6.950410842895508;5.230332374572754
3SGB_EI_TI11P_LI12K_EI13D_LI17V_SI45N;5.255682945251465;5.964572906494141
1JTG_AB_FB142A_YB143A_EA79A_YA80A;3.080120086669922;4.7580156326293945
reverse_1VFB_ABC_WA92A_QC121A;-3.8139374256134033;-5.604543685913086
reverse_1BRS_AD_RA81Q_TD42A;-6.616608142852783;-7.105166435241699
1MHP_HLA_SL90R_NL29E;2.955742120742798;3.3403329849243164
1BRS_AD_KA25A_TD42A;6.200998783111572;6.547247409820557
3S9D_AB_EB66A_LA23A;6.563091278076172;6.59918737411499
1JTG_AB_EA79K_FB142A;4.934343338012695;5.404858589172363
reverse_1A4Y_AB_YA434A_YA437A;-7.199203014373779;-4.3436408042907715
1JTG_AB_FB142A_YA80A;0.7522398233413696;2.989140510559082
4NKQ_CAB_DC99K_RB80D;0.1911594569683075;-0.45863714814186096
1Z7X_WX_YW434A_DW435A;7.768911838531494;7.303786277770996
1A4Y_AB_RB5A_YA434A_DA435A;10.949451446533203;8.001585960388184
1DVF_ABCD_YA32A_RD106A;5.0404582023620605;5.353182792663574
1BRS_AD_RA81Q_DD39A;6.975787162780762;12.185463905334473
reverse_1BRS_AD_KA25A_TD42A;-6.200998783111572;-6.538763999938965
3NGB_HLG_TH33Y_GH56S_AH57G_VH58T_PH63K_VH74T_YH75S;2.100677251815796;1.1088975667953491
1LFD_AB_YA18A_SB39A;4.425273418426514;2.7443761825561523
1JTG_AB_KB74A_FB142A_YB143A_EA79A;2.5880980491638184;7.628634929656982
reverse_2C5D_ABCD_KA34E_KB34E;-2.1105990409851074;-2.286942720413208
3KUD_AB_KB30A_FB6W_NB16R_VB33I;2.1167678833007812;0.31589198112487793
1BRS_AD_RA57A_DD35A;6.862424373626709;6.8757781982421875
3HFM_HLY_YL50F_RY21A;4.693853378295898;3.757957935333252
1JTG_AB_KB74A_EA79A_YA80A;1.5016453266143799;4.975571632385254
1JTG_AB_MA104A_YB50A;0.3879350423812866;0.49474501609802246
2G2U_AB_DA79A_EB73M_KB74A;-1.6919595003128052;-1.9535030126571655
3SGB_EI_AI9V_TI11S;1.7201180458068848;2.0372583866119385
reverse_3HFM_HLY_WH98F_YY20A;-6.751213073730469;-6.668514251708984
3VR6_ABCDEFGH_VD385A_VE385A_VF388A_RG134A_RG135A;1.2256040573120117;3.6822285652160645
2G2U_AB_EB73A_YB143A;-1.988487720489502;-3.7751669883728027
1A4Y_AB_RB5A_DA435A;7.337981700897217;6.265336036682129
1N8Z_ABC_NA30S_HA91F_YA92W;-0.0807870551943779;0.14109480381011963
1N8Z_ABC_NA30S_HA91F_YA92W_TA94S_DB102W_YB105F_YB109V;0.05474396049976349;0.7424447536468506
3SGB_EI_EI4D_AI9V_TI11S_YI14D_RI15M_NI22S_GI26S_EI37D;5.212520122528076;5.453412055969238
2G2U_AB_EB73M_SB130K_FB142W_YB143F_SB146M;-3.176194190979004;-6.181385040283203
2C5D_ABCD_TA26D_TB26D;0.7854573130607605;-0.3902896046638489
3HFM_HLY_YL50F_YY20A;6.7454047203063965;6.951274871826172
1BRS_AD_KA25A_DD35A;10.345097541809082;9.95491886138916
reverse_1CZ8_HLVW_LL4M_DH28T_HH31N_YH101H_TH105S;-2.5610172748565674;-2.1470580101013184
2G2U_AB_WB150A_YB143A;1.0715641975402832;0.21885693073272705
reverse_3HFM_HLY_YL50F_YY20A;-6.7454047203063965;-6.893454551696777
reverse_1A4Y_AB_RB5A_DA435A;-7.337981700897217;-6.228168487548828
1LFD_AB_SA20A_DB38A;3.5617969036102295;4.523035049438477
1BRS_AD_HA100A_DD39A;9.740743637084961;13.118768692016602
1DQJ_ABC_WB98A_SC100A;5.8117756843566895;5.842711925506592
2G2U_AB_DA79A_EB73M;-2.3334171772003174;-3.438875913619995
1BRS_AD_HA100A_TD42A;8.813709259033203;8.547866821289062
1JTG_AB_KB74A_FB142A_YB143A_KA208A;5.928742408752441;7.034400939941406
3SGB_EI_AI9D_LI12A_YI14D;6.171919345855713;6.931982517242432
3SGB_EI_PI8S_AI9L_TI11K_LI12R;5.3227128982543945;4.797205924987793
1VFB_ABC_YA50A_DC18A;1.3720494508743286;1.3073601722717285
reverse_1BRS_AD_RA81Q_DD39A;-6.975787162780762;-12.167157173156738
3HFM_HLY_YL50A_RY21A;6.900190353393555;5.762209892272949
3S9D_AB_HB65A_RA5A;2.3989531993865967;1.6565297842025757
1MAH_AF_YA69N_YA121Q_WA276R;12.752930641174316;13.011760711669922
1JTG_AB_FB142A_YB143A_RA217A;4.921431541442871;5.169987678527832
1TM1_EI_TI39A_EI41A;3.67297625541687;5.031449794769287
3S9D_AB_MB35V_LA19A;4.6765055656433105;3.6534337997436523
reverse_1DQJ_ABC_WB98A_YC20A;-5.540656566619873;-7.974905967712402
reverse_4G0N_AB_QB13A_RA41A;-1.4056179523468018;-1.6382801532745361
1BRS_AD_RA57A_DD39A;12.308271408081055;11.264492988586426
reverse_1PPF_EI_AI15D_GI32A;-1.2400707006454468;-1.5569095611572266
1JTG_AB_KB74A_YB143A_EA79A;1.138238549232483;5.474654197692871
2C5D_ABCD_TC51R_TD51R;2.5339713096618652;2.285472869873047
3SGB_EI_TI11M_LI12S_GI26V;7.3930253982543945;8.227285385131836
3EG5_AB_TB73N_SB74N_HB75N_HA104F;-1.4157938957214355;-1.523214340209961
reverse_1LFD_AB_YA18A_EB37A;-3.885991096496582;-4.191412925720215
1JTG_AB_KB74A_FB142A_EA79A;3.39113712310791;7.5072550773620605
2VN5_AB_SB42A_TB43F_TA35A_NA37A_YA39A_NA81A;5.63584566116333;2.6146140098571777
2C5D_ABCD_LC105E_LD105E;0.2602401673793793;1.4899511337280273
1JTG_AB_KB74A_YB143A_EA79A_YA80A;1.9153110980987549;5.303260326385498
reverse_1PPF_EI_AI15V_TI17S_LI18P_RI21M_NI28S_GI32N_NI36D_NI39S_SI51G;-7.889398574829102;-5.255983829498291
3EG5_AB_TB73N_SB74N_HB75N;1.1237232685089111;0.40800178050994873
1DQJ_ABC_YB53A_LC75A;1.3188742399215698;2.3858957290649414
1PPF_EI_AI15V_TI17S;1.8892061710357666;1.9816163778305054
1BRS_AD_RA81Q_DD35A;10.406270980834961;9.818502426147461
reverse_1LFD_AB_YA18A_SB39A;-4.425273418426514;-2.7482964992523193
reverse_1BRS_AD_RA57A_DD35A;-6.862424373626709;-6.8780598640441895
1MLC_ABE_NA92A_TB28D_SB57V_TB58D_YB32W_RB98V_DB100Q;0.3916836380958557;-0.3034030497074127
1JTG_AB_KB74A_FB142A_YB143A_EA79A_YA80A;2.613821506500244;7.592768669128418
reverse_1A4Y_AB_KB40G_YA434A_DA435A;-6.731796741485596;-7.0543012619018555
3KUD_AB_KB30A_FB6W_VB14E_NB16R_VB33I;4.295094966888428;0.46288418769836426
1MLC_ABE_NA92A_SB57V_TB58D;-2.5948984622955322;-2.0064306259155273
1LFD_AB_YA18A_EB37A;3.885991096496582;4.192734718322754
1JTG_AB_EB73A_YB50A;-1.621091604232788;-0.8697587251663208
reverse_1LFD_AB_YA18F_EB37A;-1.4012088775634766;-2.4295401573181152
3S9D_AB_EB66A_LA124A;4.083990573883057;3.6989941596984863
1R0R_EI_TI12P_LI13K_EI14D_LI18V_GI27S_SI46N;8.215277671813965;6.307248592376709
3VR6_ABCDEFGH_LA477A_LB482A_LC472A_VA478A_VB483A_VC473A_LD386A_LE386A_LF389A;-0.18464334309101105;5.865187644958496
1PPF_EI_LI18M_GI32D;4.264681339263916;3.9725704193115234
