RP:0.7738745343277965;RMSE:1.300594451102893
yddg;yhat
1JTG_AB_KA208A;1.3239842653274536;1.5264828205108643
2C5D_AC_GC6S_DC61G_VC66R_GC101R;-1.6066678762435913;-0.5939174294471741
1KBH_AB_YB1172W_LB1138A_AA915G;2.439026355743408;0.492936909198761
1KBH_AB_YB1172W_VB1173A_IA927V;1.9376815557479858;0.7583967447280884
1KBH_AB_YB1172W_VB1173A_LA902A;2.254382848739624;1.8343596458435059
reverse_1MHP_HLA_SH35A_GH102S;-1.7045269012451172;-1.2893149852752686
1KBH_AB_YB1172W_LB1134A_LA909A;2.866793155670166;2.7639713287353516
2C5D_ABCD_WA238F_WB238F;1.0643025636672974;-0.16532859206199646
1KBH_AB_YB1172W_IB1126V_LA909A;2.2196807861328125;1.1967476606369019
1MHP_HLA_SH35V_GH102S;1.5451927185058594;0.7148146629333496
1KBH_AB_YB1172W_IB1126V_IA927V;2.2979135513305664;0.15628762543201447
2C5D_AC_GC6S_GC101R;0.03776567056775093;0.11620140075683594
2C5D_ABCD_FA207A_FB207A;0.40203121304512024;0.8847987651824951
1KBH_AB_YB1172W_VB1150A_LA903A;3.7378594875335693;2.8586058616638184
1MHP_HLA_SH35A_GH102S;1.7045269012451172;1.3530018329620361
1QAB_ABCDE_YA114H_YB105H_YC105H_YD105H;0.734990119934082;3.379940986633301
1KBH_AB_YB1172W_LB1134A_LA902A;2.8902125358581543;3.1904497146606445
2C5D_ABCD_FA209A_FB209A;1.1500072479248047;1.8626078367233276
4NKQ_CAB_KB90A_IB91A_EB92A;-0.7597806453704834;0.12231060117483139
1YCS_AB_MA37L_VA107A_NA143Y_NA172D_RA186W;0.05498212203383446;-1.561060905456543
1KBH_AB_YB1172W_AB1163G_IA927V;2.3533215522766113;1.061096429824829
1KBH_AB_YB1172W_LB1134A_IA927V;2.5616514682769775;2.2326364517211914
1KBH_AB_YB1172W_AB1163G_AA915G;1.7343246936798096;0.4898589849472046
1KBH_AB_YB1172W_AB1163G_LA903A;2.7480366230010986;2.7818686962127686
reverse_1MHP_HLA_SH35V_GH102S;-1.5451927185058594;-0.6284979581832886
1YQV_HLY_RY68K_TY40S_IY55V_SY91T_QY121H;0.03655429184436798;1.0492868423461914
2G2U_AB_EB73M_SB130K_SB146M;-3.8022234439849854;-4.502250671386719
1QAB_ABCDE_VA30M_VB21M_VC21M_VD21M;-0.29339274764060974;-0.9371828436851501
1KBH_AB_YB1172W_LB1160A_LA909A;4.105749607086182;2.3405704498291016
1KBH_AB_YB1172W_LB1138A_LA903A;2.4759469032287598;2.8851869106292725
1KBH_AB_YB1172W_LB1151A_AA915G;3.5377769470214844;1.5513309240341187
1KBH_AB_YB1172W_LB1151A_LA902A;3.965667486190796;2.928272247314453
1KBH_AB_YB1172W_LB1134A_AA915G;2.582246780395508;1.644388198852539
1YCS_AB_MA37L_VA107A_NA143Y_NA172D;-0.14822521805763245;-0.350454717874527
2C5D_AC_GC6S_VC66A_GC101R;-0.8630996346473694;-0.43452394008636475
1KBH_AB_YB1172W_VB1150A_LA902A;3.7208938598632812;2.0323262214660645
1KBH_AB_YB1172W_LB1138A_LA909A;2.5183656215667725;2.04514741897583
1KBH_AB_YB1172W_VB1150A_AA915G;2.54396915435791;0.5002946257591248
reverse_2C5D_AC_GC6S_GC101R;-0.03776567056775093;-0.09083574265241623
1KBH_AB_YB1172W_LB1151A_IA927V;3.854879140853882;1.9795427322387695
3S9D_AB_AA43Y_AA44N_AA47S;-0.20672325789928436;-0.7313486337661743
2C5D_AC_GC6S_DC61G_GC101R;-0.5979031920433044;-0.4994274377822876
1KBH_AB_YB1172W_LB1160A_LA902A;4.6290202140808105;2.166144609451294
1KBH_AB_YB1172W_VB1173A_LA909A;1.6897715330123901;1.9736928939819336
1KBH_AB_YB1172W_LB1160A_AA915G;4.34249210357666;0.7146727442741394
2ABZ_BE_AE14C_AE38C;-0.5996688604354858;-0.6052009463310242
reverse_2C5D_ABCD_WA238F_WB238F;-1.0643025636672974;0.1772821545600891
1YCS_AB_MA37L_VA107A_NA143Y_NA172D_RA153S_HA72R;0.5435575842857361;-0.38096582889556885
reverse_2C5D_ABCD_FA209A_FB209A;-1.1500072479248047;-1.9085742235183716
1KBH_AB_YB1172W_VB1150A_LA909A;3.0117461681365967;2.165823221206665
1YCS_AB_MA37L_VA107A_NA143Y_NA172D_FA174L;-0.20122957229614258;-0.5704072713851929
1KBH_AB_YB1172W_IB1126V_LA903A;2.940459728240967;1.786292552947998
1KBH_AB_YB1172W_IB1126V_LA902A;2.8101577758789062;1.0160934925079346
2C5D_ABCD_LA324A_LB324A;2.204040288925171;1.1068463325500488
reverse_2C5D_ABCD_LA324A_LB324A;-2.204040288925171;-1.1440908908843994
1KBH_AB_YB1172W_VB1150A_IA927V;3.0759003162384033;1.0050888061523438
1KBH_AB_YB1172W_AB1163G_LA909A;2.195457935333252;2.2365949153900146
reverse_2C5D_ABCD_FA207A_FB207A;-0.40203121304512024;-0.8466452956199646
2NYY_DCA_VD36I_ED5Q;-0.05318554863333702;-0.5502523183822632
1KBH_AB_YB1172W_LB1151A_LA909A;3.703467607498169;3.20613431930542
1QAB_ABCDE_LA58H_LB49H_LC49H_LD49H;-0.07668741792440414;0.4692409932613373
3S9D_AB_AA43H_AA44E_AA47Q;-0.009439375251531601;-1.140612006187439
1YCS_AB_MA37L_VA107A_NA143Y_NA172D_VA47A;0.1523892879486084;-0.23134399950504303
1QAB_ABCDE_LA55P_LB46P_LC46P_LD46P;0.4008157253265381;1.7597215175628662
1KBH_AB_YB1172W_LB1138A_IA927V;2.592301845550537;1.1152498722076416
1KBH_AB_YB1172W_LB1134A_LA903A;2.4043242931365967;3.9743738174438477
1KBH_AB_YB1172W_VB1173A_LA903A;2.7427971363067627;2.659323215484619
1KBH_AB_YB1172W_LB1138A_LA902A;2.8447351455688477;2.1891531944274902
1YQV_HLY_RY68K_TY40S_IY55V_SY91T;5.602528095245361;0.9127861857414246
1QAB_ABCDE_YA114F_YB105F_YC105F_YD105F;-0.42019572854042053;0.2123560607433319
1KBH_AB_YB1172W_AB1163G_LA902A;2.8881185054779053;1.919843077659607
