RP:0.7720558474872602;RMSE:1.3539393462137757
yddg;yhat
1GC1_GC_LC44A;1.1440366506576538;0.8341293931007385
1A22_AB_HA21A;0.1683935821056366;0.5355017781257629
1JTG_AB_SA105A;0.60982745885849;0.6517893075942993
1GC1_GC_KC29A;0.5809326767921448;-0.06897753477096558
1EMV_AB_VB98A;1.1801337003707886;0.7078983783721924
1BRS_AD_EA71F;2.421475887298584;2.686886787414551
2G2U_AB_HB41A;1.860159993171692;2.4025657176971436
1A22_AB_RB11A;1.6553192138671875;0.6728690266609192
2G2U_AB_GB141A;-0.4483005702495575;0.20402106642723083
1JTG_AB_VA78A;2.0699992179870605;2.827197551727295
2B12_AB_YB87F;-1.7067961692810059;0.12649399042129517
1A22_AB_IB62A;1.3828141689300537;1.298595905303955
1A22_AB_TB60A;1.542323112487793;0.3674500584602356
1B2S_AD_AA27K;-4.188540458679199;-4.720389366149902
1EMV_AB_TB87A;0.17171679437160492;0.9575604200363159
1XD3_AB_KB27A;-0.06908920407295227;0.9431354999542236
1Z7X_WX_WW318A;1.0762734413146973;0.8236204385757446
1Z7X_WX_WW263A;2.396817445755005;0.8539171814918518
2G2U_AB_SB39A;-1.0358338356018066;0.05851195007562637
1A22_AB_RB11L;0.565041720867157;0.0712575912475586
2WPT_AB_DA30A;-0.6083385944366455;-2.4050426483154297
1A22_AB_RB11M;1.0837804079055786;0.16968289017677307
1JTG_AB_GA212S;-1.0290337800979614;2.1183524131774902
1A4Y_AB_WA318A;1.6258283853530884;1.039293885231018
2G2U_AB_HB148A;1.2122122049331665;1.1483995914459229
2BTF_AP_GP120F;1.864366054534912;-0.36412131786346436
2G2U_AB_SB113A;-0.663345992565155;0.416517972946167
1A22_AB_IB64A;1.4672061204910278;1.017525315284729
2WPT_AB_VB91A;0.28706446290016174;0.5846729278564453
1A22_AB_KA161A;2.012624740600586;2.136263847351074
1A4Y_AB_SA289A;0.04586459696292877;0.4594765901565552
1BRS_AD_EA71C;2.7395269870758057;2.391165256500244
1IAR_AB_TA13D;-0.2368982881307602;0.11985936760902405
1EMV_AB_VA35A;1.8033534288406372;0.9904201030731201
2HLE_AB_LA87R;2.4779369831085205;0.11394275724887848
2VLN_AB_AB75N;-2.5302507877349854;-0.9630463123321533
1BRS_AD_EA71A;2.5490026473999023;3.029298782348633
1BRS_AD_EA71W;1.7953826189041138;2.0888400077819824
1X1X_AD_AD76E;-0.8921936750411987;-0.9100843071937561
1JTG_AB_HB41A;3.5881524085998535;2.4755873680114746
1JTG_AB_SB71A;0.2094888836145401;0.6210949420928955
1JTG_AB_KB74A;3.9413528442382812;3.154456377029419
1MAH_AF_YA121Q;3.236619472503662;4.538379669189453
1EMV_AB_QB92A;-0.3008759915828705;0.4032168984413147
1IAR_AB_TA13A;1.0601385831832886;0.15986202657222748
1A22_AB_FA165A;0.8881881237030029;2.042924404144287
2G2U_AB_YB53A;2.49358868598938;2.1436173915863037
2G2U_AB_SB71A;-0.5548984408378601;0.5014700889587402
1BRS_AD_NA56A;3.348694086074829;0.7759653925895691
1H9D_AB_VB3A;1.40170156955719;0.1984020322561264
1A22_AB_SB83A;0.25082093477249146;0.3589046001434326
1A22_AB_SA51A;0.37725985050201416;-0.2032843977212906
1H9D_AB_LB93A;0.9397276043891907;1.616368055343628
1EMV_AB_SB78A;-0.585157573223114;0.4703409969806671
2WPT_AB_DA30L;-3.6870667934417725;-4.484709739685059
1A4Y_AB_QB12A;0.32529139518737793;0.5401930809020996
1XD3_AB_IB44A;0.2943950295448303;0.8160452246665955
1JTG_AB_SA209A;1.34235680103302;0.7034462094306946
1EAW_AB_IA26A;-0.8910597562789917;0.7469796538352966
1A22_AB_DB85A;1.0708537101745605;1.9561028480529785
1EAW_AB_FA50A;-0.46455302834510803;0.565148115158081
1BRS_AD_EA71Y;2.6149115562438965;1.6429314613342285
1B2U_AD_AA27K;-5.4666008949279785;-5.230145454406738
1BRS_AD_EA71S;3.261404275894165;2.1923184394836426
1XD3_AB_KB27R;0.2943950295448303;-0.30705878138542175
2FTL_EI_GI36A;3.8408167362213135;2.425678014755249
1GC1_GC_EC85A;1.4335893392562866;0.4937732219696045
2B11_AB_WB87F;-0.8170291781425476;-0.09458974003791809
1KTZ_AB_VB53A;0.6914827823638916;0.9762799739837646
2WPT_AB_NB68A;1.3559160232543945;0.6163306832313538
2WPT_AB_TB80A;0.40794795751571655;0.7095952033996582
1TM1_EI_RI48A;3.2617218494415283;2.9188613891601562
1A4Y_AB_KB40G;3.5065791606903076;3.3778607845306396
1A22_AB_DB119A;1.6649845838546753;0.5735583901405334
1A22_AB_SB61A;0.026615161448717117;-0.32877856492996216
1JTG_AB_HB148A;3.127199411392212;2.040762424468994
1TM1_EI_RI48C;3.5054967403411865;1.606095790863037
2WPT_AB_SB77A;-0.07694825530052185;0.4327049255371094
1A4Y_AB_WA375A;1.1216567754745483;0.06927454471588135
1A22_AB_YA153A;0.37725985050201416;0.7381570935249329
1EMV_AB_NB75A;2.5302507877349854;0.8640118837356567
1Z7X_WX_SW289A;0.8822602033615112;0.2374286949634552
1Z7X_WX_IW459A;0.36554422974586487;1.065303921699524
1EAW_AB_YA52A;-0.08552016317844391;0.2965265214443207
1IAR_AB_NA89A;1.6887152194976807;-0.036997102200984955
1HE8_AB_KA80V;0.5069993734359741;0.9682599902153015
1A22_AB_PA61A;1.3101190328598022;0.2443428486585617
1FFW_AB_IB58A;0.4634886384010315;0.5306846499443054
2WPT_AB_PA53A;3.1717004776000977;0.7423080801963806
1A4Y_AB_KB40Q;4.606856346130371;0.9332975149154663
1JTG_AB_RA217A;1.411133050918579;1.3120825290679932
1S1Q_AB_WA73A;0.2994762063026428;1.5199788808822632
2WPT_AB_QB85A;0.4159712493419647;0.3467537462711334
1IAR_AB_TA6A;-0.112282894551754;0.4844113886356354
1KTZ_AB_SB28A;0.47646066546440125;1.2040694952011108
1EMV_AB_LA31A;3.7042665481567383;3.2821738719940186
1XD3_AB_RB42L;-0.9542914032936096;-0.10426753759384155
1FFW_AB_EB13A;0.7765117883682251;0.4313330352306366
4CPA_AI_PI35G;2.8125216960906982;-0.07445241510868073
1A22_AB_PB65A;3.2134945392608643;0.4320974349975586
2WPT_AB_VA34A;4.126794815063477;1.4179397821426392
1BRS_AD_RA85A;6.238359451293945;5.658133506774902
1IAR_AB_TA6D;1.5088087320327759;0.6408911943435669
1A22_AB_IA168A;0.7953104972839355;0.928379237651825
1EMV_AB_IA51A;0.9188141822814941;1.6415634155273438
1BRS_AD_WA33F;1.3653018474578857;0.1666623055934906
1A4Y_AB_HB13A;-0.3214132487773895;0.15297505259513855
1S1Q_AB_FA86A;0.82686448097229;1.0299232006072998
3BP8_AC_FA115A;0.7680795192718506;0.8009024262428284
1EMV_AB_SB84A;-0.11859665811061859;0.4830451011657715
1BRS_AD_EA71Q;1.5731316804885864;2.290372610092163
1IAR_AB_FA82A;-0.09367778152227402;1.1632802486419678
1KTZ_AB_SB28L;4.616222381591797;-0.24316877126693726
2VLO_AB_AB95K;-2.123918294906616;-1.0685006380081177
2G2U_AB_KB74A;-0.23544952273368835;1.161104679107666
1JTG_AB_YB53A;2.971626043319702;2.2630186080932617
1FC2_CD_IC27A;4.042104721069336;1.3562031984329224
1MAH_AF_DA71N;2.0249383449554443;0.8415616750717163
1IAR_AB_FA82D;-0.6289988160133362;0.6910019516944885
2WPT_AB_SB71A;-0.10314446687698364;0.8186337351799011
1EMV_AB_GA47A;1.6099011898040771;0.8639132976531982
1JTG_AB_RA217A_SA105A_DB49A;1.359534502029419;3.6460888385772705
reverse_4G0N_AB_TB15A_IA21A;-2.378697156906128;-2.589629650115967
1JTG_AB_KB74A_YB143A_SA105A;4.03917121887207;4.183326244354248
1KBH_AB_YB1172W_LB1134A_IA921V;2.54396915435791;3.2386653423309326
1A22_AB_KA161A_FA165A;4.095950126647949;2.975788116455078
1JTG_AB_KA208A_SA105A_RA217A;2.7185752391815186;2.7388415336608887
4K71_ABC_MA416V_AA418T_GA503R;2.5162088871002197;0.8247300386428833
1DQJ_ABC_NA32A_KC96A;6.288230895996094;8.203767776489258
1JTG_AB_RA217A_SA209A_KA208A_DB49A;2.2018237113952637;5.2958083152771
3S9D_AB_IB34A_RA115A;4.627180099487305;3.3158020973205566
1KBH_AB_YB1172W_LB1151A_IA921V;3.899780750274658;2.5978548526763916
1JTG_AB_SA209A_SA105A;1.2488117218017578;1.7899831533432007
1KBH_AB_YB1172W_VB1150A_VA931A;1.9983514547348022;1.796727180480957
reverse_1A4Y_AB_QA430A_VA432A;-0.07823269814252853;-0.7766745090484619
reverse_1MHP_HLA_TH33I_SH52T_GH53N_GH54N;-2.06748366355896;-3.480956554412842
1KBH_AB_YB1172W_IB1165V_LA909A;1.9796229600906372;0.783448338508606
1KBH_AB_YB1172W_IB1165V_IA921V;2.1434152126312256;0.6631006002426147
1KBH_AB_YB1172W_LB1131A_LA909A;1.9016461372375488;2.1403746604919434
1AHW_ABC_IC141Q_TC143I_YC145T;4.308998107910156;1.858776569366455
1KBH_AB_YB1172W_IA921V;1.3757784366607666;1.168452262878418
4J2L_ACD_VA23A_SA34D;2.4556050300598145;-0.9239205718040466
1KBH_AB_YB1172W_LB1131A;0.10430973023176193;1.146684169769287
1MHP_HLA_TH33I_SH52T_GH53N_GH54N;2.06748366355896;3.5627965927124023
4OFY_AD_QA34A_MA36A_FA40A_SA87A;4.833437442779541;4.30561637878418
1JTG_AB_RA217A_SA209A_DB49A;0.44205814599990845;4.0564165115356445
1A4Y_AB_QA430A_VA432A;0.07823269814252853;0.7709026336669922
3S9D_AB_TB33A_RA115A;4.385653495788574;2.9855475425720215
4K71_ABC_MA416V_AA418T;1.1836066246032715;-0.12711727619171143
1JTG_AB_SA209A_SA105A_KA208A_DB49A;0.6600359678268433;4.525668144226074
4K71_ABC_MA416V_AA418T_AA545V;3.0920796394348145;1.4730629920959473
reverse_1BP3_AB_KA168A_FA172A;-5.801185607910156;-4.150990009307861
1KBH_AB_YB1172W_IB1165V_VA931A;1.107744812965393;0.5710543990135193
1KBH_AB_YB1172W_IB1165V;0.6594921350479126;-0.19376766681671143
1A4Y_AB_WA438A_SA439A_EA440A;1.9345316886901855;1.3921021223068237
1JTG_AB_KB74A_FB142A_SA105A;5.592086315155029;6.144331455230713
1KBH_AB_YB1172W_IB1165V_IA927V;2.5546369552612305;-0.12338486313819885
1JTG_AB_KB74A_YB143A_RA217A;4.737626552581787;5.091454982757568
1JTG_AB_KB74A_FB142A_RA217A;5.954419136047363;6.862143516540527
1KBH_AB_YB1172W_LB1160A_VA931A;3.4173943996429443;2.0792934894561768
1KBH_AB_YB1172W_LB1151A_VA931A;3.134220838546753;2.9936718940734863
1KBH_AB_YB1172W_AB1163G_IA921V;2.207683563232422;1.9738292694091797
1JTG_AB_SA209A_SA105A_KA208A;2.003861665725708;2.3986704349517822
1KBH_AB_YB1172W_LA910A;3.0759003162384033;1.9925663471221924
reverse_1MHP_HLA_TH33I_SH52T_GH53Q_GH54F;-1.3605493307113647;-2.3921210765838623
1KBH_AB_YB1172W_LB1131A_LA903A;1.8283617496490479;2.7815494537353516
1BP3_AB_KA168A_FA172A;5.801185607910156;4.160401344299316
4K71_ABC_MA416V_AA418T_GA503E_AA545V;3.9397058486938477;1.7888092994689941
1KBH_AB_YB1172W_LB1138A_IA921V;2.4877963066101074;2.042306661605835
1Z7X_WX_QW430A_VW432A;1.0178849697113037;2.4531991481781006
reverse_1DQJ_ABC_NA32A_KC96A;-6.288230895996094;-8.206581115722656
4G0N_AB_TB15A_IA21A;2.378697156906128;2.564624309539795
1JTG_AB_KB74A_SA105A;3.4435606002807617;3.6945834159851074
1KBH_AB_YB1172W_AB1163G_VA931A;1.3081547021865845;1.8408697843551636
1KBH_AB_YB1172W_LB1131A_LA902A;1.4587105512619019;1.9858002662658691
1JTG_AB_RA217A_SA209A_KA208A;2.9434080123901367;2.942091941833496
1JTG_AB_SA209A_SA105A_DB49A;1.1853519678115845;3.060436725616455
3S9D_AB_TB33A_LA8A;3.876824378967285;2.3678441047668457
1KBH_AB_YB1172W_VB1173A_LA910A;3.6608660221099854;2.700505256652832
1JTG_AB_KA208A_SA209A_SA105A_RA217A_DB49A;1.87091064453125;5.159248352050781
1KBH_AB_YB1172W_VB1173A_VA931A;1.0329875946044922;1.5195684432983398
1KBH_AB_YB1172W_IB1165V_LA903A;3.2172396183013916;1.6286356449127197
1JTG_AB_KA208A_SA105A_RA217A_DB49A;1.6152386665344238;4.675478458404541
1JTG_AB_RA217A_SA105A;2.003861665725708;1.9761872291564941
4K71_ABC_MA416V_AA418T_GA503R_AA545V;3.132312059402466;2.013378620147705
1KBH_AB_YB1172W_VB1150A_IA921V;3.4146299362182617;1.6866507530212402
1KBH_AB_YB1172W_LB1131A_VA931A;0.6276363730430603;2.1346349716186523
1JTG_AB_RA217A_SA209A_SA105A;1.828808307647705;2.75490665435791
1KBH_AB_YB1172W_IB1126V_VA931A;1.4369513988494873;0.9743847846984863
1KBH_AB_YB1172W_IB1165V_AA915G;1.4664435386657715;-0.8177416324615479
reverse_1A4Y_AB_WA438A_SA439A_EA440A;-1.9345316886901855;-1.3851213455200195
1JTG_AB_RA217A_SA209A_SA105A_DB49A;0.9688003063201904;4.129954814910889
1KBH_AB_YB1172W_VB1173A_IA921V;1.7228288650512695;1.653120756149292
1KBH_AB_YB1172W_VA931A;0.42572295665740967;1.1063812971115112
reverse_1A22_AB_KA161A_FA165A;-4.095950126647949;-2.9796042442321777
1MHP_HLA_TH33I_SH52T_GH53Q_GH54F;1.3605493307113647;2.4409306049346924
1KBH_AB_YB1172W_LB1131A_IA921V;1.8272674083709717;1.9720025062561035
1KBH_AB_YB1172W_IB1165V_LA902A;2.6434197425842285;0.6492982506752014
1KBH_AB_YB1172W_LB1131A_IA927V;1.6843206882476807;1.0735522508621216
1JTG_AB_RA217A_SA209A;0.8012370467185974;2.0919952392578125
1JTG_AB_KA208A_SA209A_SA105A_RA217A;3.0209178924560547;3.345891237258911
1JTG_AB_KB74A_RA217A;7.1720499992370605;4.1992506980896
1KBH_AB_YB1172W_LB1131A_AA915G;1.040494441986084;0.5267992615699768
1KBH_AB_YB1172W_IB1126V_IA921V;2.3770081996917725;1.0629150867462158
