RP:0.7971636684241874;RMSE:1.5748471861402051
name;yddg;yhat
2B2X_HLA_VH50T_EH64K_QL28S_YL52N_NL30Y;3.198152542114258;0.164203941822052
3SGB_EI_EI4D_TI11R_LI12M_RI15M_EI37D;2.559450387954712;2.552408456802368
reverse_1CZ8_HLVW_LL4M_HH31N_YH101H_TH105S;-1.7067961692810059;-1.8998539447784424
1PPF_EI_AI15G_LI18M_LI23V_KI29I_EI43K;2.439060688018799;3.079808235168457
3VR6_ABCDEFGH_RA476A_RB481A_RC471A_RG134A_RG135A;1.4278329610824585;2.0186691284179688
2B2X_HLA_VH50T_EH64K_QL28S_YL52N_YH58E;3.3805320262908936;2.4667859077453613
reverse_1REW_ABC_FA38A_PA39A_FB38A_PB39A;-3.1240618228912354;-3.3814566135406494
1PPF_EI_EI10D_KI13R_AI15D_RI21M_EI43D;0.13834719359874725;0.2279539704322815
1EMV_AB_SA63E_NA67K_TA68E_VA69I_QA71E;0.08570462465286255;0.398996502161026
2B2X_HLA_VH50T_EH64K_QL28S_YL52N_LH60D;1.0642085075378418;0.8028464913368225
2B2X_HLA_VH50T_EH64K_QL28S_YL52N_SL91Q;3.0534236431121826;0.943773627281189
3KUD_AB_KB30A_FB6W_RB12L_NB16R_VB33I;2.1305713653564453;1.2909308671951294
2B2X_HLA_VH50T_EH64K_QL28S_YL52N_GH53S;1.8628990650177002;0.09748521447181702
2B2X_HLA_VH50T_EH64K_QL28S_YL52N_RH31Q;2.547593593597412;0.8523725271224976
2B2X_HLA_VH50T_EH64K_QL28S_YL52N_SH52M;3.3805320262908936;2.0176079273223877
reverse_1MHP_HLA_TH33I_SH52T_GH53N_GH54N;-2.06748366355896;-3.480956554412842
reverse_1PPF_EI_EI10D_LI18V_RI21M_EI43D;-0.041151389479637146;0.2986449897289276
1MLC_ABE_NA92A_TB28D_SB57V_TB58D_SA91N;2.0048019886016846;-1.8305928707122803
reverse_3KUD_AB_KB30A_FB6W_NB16R_VB33I;-2.1167678833007812;-0.3187199831008911
1R0R_EI_EI5G_LI13M_RI16M_EI38D_KI50E;-0.7440642714500427;-0.5876237154006958
1YY9_CDA_SC26D_TC31E_NC93A_ND56A_TD61E;-0.7064349055290222;-1.2284891605377197
1YCS_AB_MA37L_VA107A_NA143Y_NA172D_RA186W;0.05498212203383446;-1.561060905456543
reverse_1PPF_EI_EI10D_LI18F_RI21M_EI43D;-4.871786117553711;-3.944258213043213
2B2X_HLA_VH50T_EH64K_QL28S_YL52N_LL49F;1.902660846710205;0.24814137816429138
1A22_AB_KB158A_DB160A_KB161A_EB162A_EB164A;1.213606834411621;1.1169030666351318
2B2X_HLA_VH50T_EH64K_QL28S_YL52N_YH58W;2.0204360485076904;1.6044378280639648
1YQV_HLY_RY68K_TY40S_IY55V_SY91T_QY121H;0.03655429184436798;1.0492868423461914
1R0R_EI_EI5D_AI10V_YI15E_RI16M_EI38D;3.06488299369812;3.6481146812438965
1PPF_EI_EI10G_LI18M_RI21M_EI43D_KI55E;-0.011702785268425941;0.1584717333316803
3M63_AB_GB8F_QB9K_SB65Q_HB67V_VB69M;0.20272429287433624;-0.3803475499153137
1MLC_ABE_NA92A_TB28D_SB57V_TB58D_SB30G;-2.556183338165283;-1.6528464555740356
reverse_1CZ8_HLVW_LL4M_DH28T_HH31N_YH103W;-0.8170291781425476;-1.1160463094711304
reverse_1REW_ABC_HA28D_SA77A_HB28D_SB77A;-0.19868211448192596;-0.24944739043712616
reverse_1CZ8_HLVW_LL4M_DH28T_YH101H_TH105S;-1.11869215965271;-1.2528865337371826
3SGB_EI_EI4D_KI7R_AI9D_RI15M_EI37D;-0.3086410164833069;-0.40022268891334534
2B2X_HLA_VH50T_EH64K_QL28S_YL52N_SH35A;2.835196018218994;1.2371463775634766
1A22_AB_NA12R_MA14V_LA15V_RA16L_RA19Y;1.8206619024276733;-0.06653670966625214
2B2X_HLA_VH50T_EH64K_QL28S_YL52N_SL91T;3.6415276527404785;1.1279387474060059
reverse_1A22_AB_RA156K_DA160H_IA168V_QA170K;-2.1167678833007812;1.2489596605300903
2B2X_HLA_VH50T_EH64K_QL28S_YL52N_GH53A;1.686248779296875;0.3115401268005371
reverse_3KUD_AB_KB30A_YA32C_CA118S_NB16R;-1.798139214515686;-1.1070822477340698
2B2X_HLA_VH50T_EH64K_QL28S_YL52N_GH54I;2.6085400581359863;0.7988046407699585
2B2X_HLA_VH50T_EH64K_QL28S_YL52N_NL30V;2.2679662704467773;0.9177263975143433
reverse_1CZ8_HLVW_LL4M_DH28T_HH31N_YH103R;-0.6738086342811584;-0.35910946130752563
reverse_1A22_AB_EB138A_KB140A_KB142A_DB145A;-0.13025377690792084;-0.7707240581512451
1R0R_EI_AI10G_LI13M_LI18V_KI24I_EI38K;1.108600378036499;1.2022825479507446
1R0R_EI_TI12P_LI13K_EI14D_LI18V_SI46N;8.073830604553223;5.602673053741455
reverse_1A22_AB_PA48A_TA50A_SA51A_LA52F;-0.6527001857757568;-1.1553003787994385
2B2X_HLA_VH50T_EH64K_QL28S_YL52N_LL49K;2.0640664100646973;0.3617626428604126
2B2X_HLA_VH50T_EH64K_QL28S_YL52N_SL91R;4.086410999298096;1.7003577947616577
reverse_2C5D_ABCD_RA32E_KA34E_RB32E_KA34E;-4.290392875671387;-2.2440719604492188
2VN5_AB_SB42A_TB43F_TA35A_NA37A_YA39A;4.074086666107178;2.239251136779785
2B2X_HLA_VH50T_EH64K_QL28S_YL52N_GH54Y;1.1306689977645874;0.3123801350593567
2B2X_HLA_VH50T_EH64K_QL28S_YL52N_FH99W;1.1306689977645874;0.4551948308944702
3SGB_EI_KI7R_PI8F_AI9R_TI11K_LI12R;6.137158393859863;5.022855281829834
reverse_4G0N_AB_FB8W_RB14L_NB18R_VB35I;-0.6537498235702515;-1.2654368877410889
1XXM_AC_AC74K_AC142F_AC143Y_AA79E_AA80Y;-2.613821506500244;-5.1111555099487305
1BJ1_HLVW_TH28D_NH31H_YH54W_HH101Y_SH105T;-1.30439031124115;-2.6988162994384766
3MZW_AB_NB1A_NB18T_AB37S_AB41S_AB49S;-0.031193746253848076;0.31376656889915466
2B2X_HLA_VH50T_EH64K_QL28S_YL52N_NL30W;2.835196018218994;0.17224639654159546
2B2X_HLA_VH50T_EH64K_QL28S_YL52N_HL31R;2.348677396774292;-0.4909113645553589
2B2X_HLA_VH50T_EH64K_QL28S_YL52N_GH53N;2.491218328475952;0.7704263925552368
reverse_1REW_ABC_DA19A_AA23D_DB19A_AB23D;-0.5158663392066956;-0.4657125174999237
1CZ8_HLVW_LL4M_DH28T_HH31N_YH101H_TH105S;2.5610172748565674;2.0531580448150635
1CZ8_HLVW_LL4M_DH28T_HH31N_YH103R_GH104N;1.11869215965271;1.0884017944335938
reverse_1BP3_AB_PA48A_TA50A_SA51A_LA52F;-0.26669079065322876;-0.9427217841148376
reverse_2VN5_AB_SB42A_TB43F_LA77A_LA79A;-6.409627914428711;-1.6173522472381592
1PPF_EI_EI10D_TI17R_LI18M_RI21M_EI43D;4.94387674331665;3.9942917823791504
reverse_2VN5_AB_SB42A_TB43F_TA35A_NA37A;-1.8221033811569214;-0.8953518867492676
1A22_AB_QA46H_NA47D_PA48S_QA49E_LA52F;1.280517816543579;-0.3583507239818573
reverse_1PPF_EI_LI18M_LI23V_KI29I_EI43K;-1.489759922027588;-2.3837130069732666
1BP3_AB_NA12R_MA14V_LA15V_RA16L_RA19Y;0.415025532245636;-0.04976341128349304
1MLC_ABE_NA92A_TB28D_SB57V_TB58D_EB35S;2.0659751892089844;-1.489356517791748
2B2X_HLA_VH50T_EH64K_QL28S_YL52N_GH100L;4.086410999298096;2.08419132232666
reverse_2VN5_AB_SB42A_TB43F_FB17A_LB45A;-5.543695449829102;-2.622379779815674
2B2X_HLA_VH50T_EH64K_QL28S_YL52N_FH99Y;1.948603630065918;0.8072245121002197
2B2X_HLA_VH50T_EH64K_QL28S_YL52N_GL92Q;2.835196018218994;1.0786629915237427
1BJ1_HLVW_ML4L_TH28D_NH31H_HH101Y_SH105T;-1.7946288585662842;-1.8707115650177002
reverse_1MHP_HLA_TH33I_SH52T_GH53Q_GH54F;-1.3605493307113647;-2.3921210765838623
2VN5_AB_SB42A_TB43F_SA66A_SA68A_SA75A;0.15292713046073914;1.1416311264038086
2B2X_HLA_VH50T_EH64K_QL28S_YL52N_GH100M;1.2413651943206787;0.31120169162750244
reverse_1PPF_EI_EI10D_KI13M_LI18M_LI23V;-1.7418442964553833;-1.3764898777008057
reverse_1REW_ABC_DA19A_WA20A_DB19A_WB20A;-2.235034465789795;-2.5147204399108887
reverse_1REW_ABC_HA28D_LA89A_HB28D_LB89A;-0.12862174212932587;-0.5405439138412476
1PPF_EI_EI10D_AI15V_YI20E_RI21M_EI43D;6.984266757965088;5.056818008422852
reverse_2VN5_AB_SB42A_TB43F_MA125G_KA127A;-2.6158180236816406;-1.6282289028167725
reverse_1PPF_EI_EI10D_LI18M_RI21M_EI43D;-0.8892892599105835;-0.42931652069091797
2B2X_HLA_VH50T_EH64K_QL28S_YL52N_TH33V;1.6014512777328491;0.39704105257987976
3SGB_EI_AI9G_LI12M_LI17V_KI23I_EI37K;3.4552135467529297;3.5954928398132324
reverse_2VN5_AB_SB42A_TB43F_AB14Q_LB15Q;-0.16849730908870697;-0.42091095447540283
1PPF_EI_EI10D_LI18V_RI21M_GI32D_EI43D;1.5007206201553345;2.5845069885253906
reverse_4G0N_AB_FB8W_VB16E_NB18R_VB35I;-1.970319390296936;-2.016273021697998
1YCS_AB_MA37L_VA107A_NA143Y_NA172D_FA174L;-0.20122957229614258;-0.5704072713851929
3G6D_LHA_EL3V_GL76R_TL77V_QL78E_EL80G;0.15153808891773224;0.14940930902957916
1FSS_AB_TB8V_TB9N_RB11K_HB29R_KB32R;0.8687215447425842;1.3523845672607422
3SGB_EI_EI4D_AI9V_YI14E_RI15M_EI37D;1.8337291479110718;1.2228046655654907
2B2X_HLA_VH50T_EH64K_QL28S_YL52N_GL92S;1.686248779296875;0.29090648889541626
reverse_1CZ8_HLVW_LL4M_DH28T_HH31N_TH105S;-0.22892512381076813;-1.2803618907928467
2B2X_HLA_VH50T_EH64K_QL28S_YL52N_SH35Q;4.086410999298096;1.1856846809387207
3SGB_EI_EI4G_LI12M_RI15M_EI37D_KI49E;0.19636577367782593;-0.09880238771438599
2B2X_HLA_VH50T_EH64K_QL28S_YL52N_WL90Q;3.3805320262908936;1.9236444234848022
3MZW_AB_NB1E_NB18T_AB37S_AB41S_AB49S;0.30514177680015564;-0.19565990567207336
1BP3_AB_EA88G_QA91Y_FA92H_RA94T_SA95E;0.22697722911834717;0.06649598479270935
1MLC_ABE_NA92A_TB28D_SB57V_TB58D_NA32L;-2.8009567260742188;-2.193185329437256
1JTG_AB_KA208A_SA209A_SA105A_RA217A_DB49A;1.87091064453125;5.159248352050781
2B2X_HLA_VH50T_EH64Q_QL28S_YL52N_LH60D;1.177262306213379;0.8731177449226379
1BP3_AB_QA46H_NA47D_PA48S_QA49E_LA52F;0.26669079065322876;-0.2831416428089142
2B2X_HLA_VH50T_EH64K_QL28S_YL52N_YH59E;1.7202814817428589;1.5129417181015015
3SGB_EI_EI4D_LI12M_RI15M_GI26D_EI37D;2.110707998275757;1.6319118738174438
1MLC_ABE_NA92A_TB28D_SB57V_TB58D_GB99D;-0.2206433266401291;-2.8400959968566895
2B2X_HLA_VH50T_EH64K_QL28S_YL52N_GH100F;1.5522992610931396;-0.11741381883621216
reverse_1CZ8_HLVW_LL4M_DH28T_HH31N_YH101H;-1.5221529006958008;-1.9649828672409058
3SGB_EI_TI11P_LI12K_EI13D_LI17V_SI45N;5.255682945251465;5.964572906494141
2VN5_AB_SB42A_TB43F_TA35A_NA37A_NA81A;3.4175503253936768;1.1036996841430664
1R0R_EI_EI5D_TI12R_LI13M_RI16M_EI38D;3.6346435546875;4.09453010559082
1A22_AB_EA88G_QA91Y_FA92H_RA94T_SA95E;0.20781667530536652;0.09097382426261902
2B2X_HLA_VH50T_EH64K_QL28S_YL52N_GH100S;1.7351738214492798;0.599456250667572
1YCS_AB_MA37L_VA107A_NA143Y_NA172D_VA47A;0.1523892879486084;-0.23134399950504303
3VR6_ABCDEFGH_VD385A_VE385A_VF388A_RG134A_RG135A;1.2256040573120117;3.6822285652160645
2B2X_HLA_VH50T_EH64K_QL28S_YL52N_YH58Q;3.3805320262908936;2.4014971256256104
2B2X_HLA_VH50T_EH64K_QL28S_YL52N_HL31K;2.3924307823181152;0.2071671485900879
1R0R_EI_EI5D_LI13V_RI16M_GI27D_EI38D;4.988193511962891;5.246426582336426
2G2U_AB_EB73M_SB130K_FB142W_YB143F_SB146M;-3.176194190979004;-6.181385040283203
reverse_1REW_ABC_DA42A_EA98R_DB42A_EB98R;-0.04728982225060463;-1.1886014938354492
reverse_2VN5_AB_SB42A_TB43F_AB14S_LB15T;-0.3889397382736206;0.2995658218860626
2B2X_HLA_VH50T_EH64K_QL28S_YL52N_LL49W;3.198152542114258;0.4912058711051941
3SGB_EI_EI4D_LI12V_RI15M_GI26D_EI37D;4.311528205871582;4.178472995758057
2B2X_HLA_VH50T_EH64K_QL28S_YL52N_GH54T;2.3924307823181152;0.8777057528495789
reverse_2C5D_ABCD_EC30R_EC33R_ED30R_EC33R;-2.0030882358551025;0.293282151222229
2B2X_HLA_VH50T_EH64K_QL28S_YL52N_TH33N;4.086410999298096;1.5816093683242798
2B2X_HLA_VH50T_EH64K_QL28S_YL52N_HL31W;2.491218328475952;0.06663835048675537
reverse_1PPF_EI_RI21M_KI29Q_GI32S_EI43D;-0.07637616991996765;-0.9929075241088867
1JTG_AB_KB74A_FB142A_YB143A_EA79A_YA80A;2.613821506500244;7.592768669128418
3KUD_AB_KB30A_FB6W_VB14E_NB16R_VB33I;4.295094966888428;0.46288418769836426
2B2X_HLA_VH50T_EH64K_QL28S_YL52N_SL24R;0.8972849249839783;0.1733686923980713
1R0R_EI_EI5D_KI8R_AI10D_RI16M_EI38D;6.174886703491211;5.252967834472656
1R0R_EI_EI5D_LI13M_RI16M_GI27D_EI38D;2.175074338912964;2.6581966876983643
1MLC_ABE_NA92A_TB28D_SB57V_TB58D_YB59E;-1.5890823602676392;-1.1524896621704102
