RP:0.6957912347288804;RMSE:1.2397066069166196
yddg;yhat
1PPF_EI_EI19H;0.7387491464614868;-0.017293725162744522
1IAR_AB_RA81E;1.5835659503936768;0.8753613233566284
1PPF_EI_EI19F;1.4595693349838257;1.6117775440216064
3SGB_EI_EI13W;1.6559350490570068;1.2471346855163574
2J0T_AD_VD4K;1.9765924215316772;0.7845657467842102
2B10_AB_SB87F;-1.2619127035140991;0.17894776165485382
1PPF_EI_NI36P;-3.1665661334991455;-0.38836491107940674
1AK4_AD_ID91A;0.9991757273674011;1.3799004554748535
1PPF_EI_NI36R;2.0005102157592773;0.11287052929401398
3SGB_EI_EI13K;0.1805836409330368;1.294105052947998
3SGB_EI_PI8N;-0.13352873921394348;-0.24101795256137848
1PPF_EI_NI36G;-0.6115067601203918;-0.30401769280433655
1A22_AB_KB122A;-0.009580282494425774;-0.6906457543373108
1JTG_AB_TB140K;-0.015591809526085854;-0.0038611218333244324
1EMV_AB_SA27A;1.036149263381958;0.0754261389374733
1PPF_EI_NI36E;-1.0895633697509766;0.8838198184967041
3SGB_EI_PI8T;-0.11627916246652603;-0.4763549864292145
2OOB_AB_GA13S;0.2549808919429779;0.6936208605766296
3SGB_EI_EI13A;1.090512752532959;1.2271629571914673
3SGB_EI_PI8I;-0.02528643049299717;-0.16906335949897766
3SGB_EI_NI30Q;0.26054877042770386;0.06370868533849716
2PCC_AB_AB86G;2.0603694915771484;0.28929299116134644
1PPF_EI_EI19A;1.2874367237091064;0.0866134911775589
1PPF_EI_PI14G;0.09991829097270966;0.6643677949905396
1PPF_EI_NI36A;-1.7605962753295898;-0.3096782863140106
1R0R_EI_RI16N;-0.05398007854819298;1.0480201244354248
2PCB_AB_EA290N;0.9436048269271851;0.03765697777271271
1JTG_AB_NA75A;-0.8593922257423401;0.9757760167121887
1IAR_AB_QA8R;0.04216527193784714;0.009999923408031464
1FFW_AB_DB49A;0.10430973023176193;0.547562837600708
1R0R_EI_PI9M;-0.03547123447060585;-0.812829852104187
1PPF_EI_PI14R;-0.1472712606191635;0.08651760965585709
1R0R_EI_PI9W;0.5192833542823792;-1.2051810026168823
2BTF_AP_VP60E;1.0603036880493164;0.018444694578647614
3SGB_EI_EI13G;2.25215482711792;1.6806577444076538
1GC1_GC_DC63A;-0.3459447920322418;-0.09228944778442383
2O3B_AB_DB75E;5.891107082366943;0.07492882013320923
3SGB_EI_PI8F;-0.3690565228462219;-0.16280658543109894
3SGB_EI_EI13Q;0.19636577367782593;0.775551438331604
1A4Y_AB_NB68A;0.12762869894504547;-0.1962461769580841
1Z7X_WX_RW457A;0.9189462065696716;-0.08205966651439667
1PPF_EI_RI21F;-1.0498675107955933;-0.1503990888595581
1R0R_EI_RI16L;0.24833393096923828;0.3646898567676544
3SGB_EI_NI30T;0.010535691864788532;0.3014349341392517
1PPF_EI_RI21W;-0.5702800154685974;-0.22110357880592346
1R0R_EI_RI16D;-0.1924990862607956;1.0385563373565674
1PPF_EI_EI19R;1.57896089553833;2.0094687938690186
3SGB_EI_NI30A;0.3542247712612152;0.24932391941547394
3SGB_EI_EI13R;1.3642122745513916;1.2453863620758057
1FFW_AB_AA89V;0.0989387258887291;-0.6137983798980713
1FFW_AB_CB55A;0.22132940590381622;0.1722242385149002
1R0R_EI_PI9F;1.4786827564239502;-1.1455707550048828
3SGB_EI_RI15C;0.5913566946983337;0.83004230260849
1XD3_AB_KB11R;1.5522198677062988;-0.36174389719963074
1SMF_EI_EI8A;1.104018211364746;-0.1380373239517212
1PPF_EI_EI19K;2.268949270248413;1.8040874004364014
3SGB_EI_RI15G;1.184593677520752;1.4910327196121216
3SGB_EI_PI8R;0.3336423635482788;-0.050369858741760254
1R0R_EI_RI16K;-0.10276436805725098;0.30784547328948975
1JCK_AB_NB60A;1.5532264709472656;0.5490467548370361
1XD3_AB_KB6R;0.33496925234794617;-0.22292059659957886
3SGB_EI_PI8V;-0.3321208655834198;-0.0028165457770228386
2B0Z_AB_IB87F;-2.739783763885498;-0.17996062338352203
1PPF_EI_RI21I;-0.8680172562599182;0.09867597371339798
1EMV_AB_NA22A;0.15109583735466003;0.7833904027938843
1PPF_EI_EI19C;1.5007206201553345;1.5672783851623535
1R0R_EI_RI16A;-0.10276436805725098;1.3897652626037598
1EAW_AB_DA91A;0.7089862823486328;0.3598213195800781
1LFD_AB_NA14K;0.43463143706321716;0.3645394742488861
1R0R_EI_PI9I;1.8634722232818604;-0.32354864478111267
3SGB_EI_RI15K;-0.2972193956375122;0.07045389711856842
1PPF_EI_RI21H;-0.5271170735359192;0.45274215936660767
1M9E_AD_AD76H;-1.8330961465835571;-0.7060362100601196
1AK4_AD_HD87A;1.8330961465835571;0.29985561966896057
1AK4_AD_ID91V;0.7389355301856995;0.32063180208206177
1PPF_EI_PI14N;-0.6856604814529419;-0.23803970217704773
1EMV_AB_TA36A;0.9749762415885925;0.9271187782287598
1F47_AB_QA15A;-0.04939600080251694;0.5356566309928894
1AK4_AD_AD92G;1.3684624433517456;0.7743241786956787
3SGB_EI_PI8C;-0.3503197133541107;-0.2135944962501526
1PPF_EI_RI21S;0.44896408915519714;0.21615123748779297
3SGB_EI_EI13I;-0.6669837832450867;0.4156913161277771
1A4Y_AB_HB8A;0.9794706702232361;1.242835283279419
1GC1_GC_NC32A;0.1978774517774582;0.12761937081813812
1A22_AB_EB79A;-0.21310554444789886;-0.2126220315694809
3SGB_EI_RI15Y;0.31452885270118713;0.004979468882083893
2WPT_AB_RA35T;-1.1248341798782349;-0.5499833822250366
1R0R_EI_PI9S;0.1457444131374359;-0.7270338535308838
1PPF_EI_EI19M;1.22904634475708;1.578447699546814
1PPF_EI_EI19N;1.2974985837936401;1.4667787551879883
1EAW_AB_DA47A;1.6280275583267212;0.670822024345398
1LFD_AB_DA43A;-0.3469635844230652;0.23925453424453735
3SGB_EI_RI15E;0.7184317708015442;0.8248772025108337
3SGB_EI_NI30P;0.6199578046798706;1.0867477655410767
3SGB_EI_RI15M;0.13646964728832245;0.6873515844345093
3SGB_EI_PI8D;-1.105344533920288;-0.3340359628200531
1PPF_EI_PI14C;-2.1452298164367676;-0.4026608467102051
1AK4_AD_HD87Q;1.7929686307907104;0.12964682281017303
1LFD_AB_DA38K;-1.1103266477584839;-1.018968105316162
1XD3_AB_DB39A;-0.454524964094162;0.1361147165298462
1AK4_AD_PD93A;1.4787613153457642;1.3093271255493164
2HRK_AB_KA140A;1.0329875946044922;0.1284322738647461
1FCC_AC_EC42A;0.4175674319267273;0.3719480037689209
1LFD_AB_MA17K;-0.8100313544273376;-0.1887521892786026
3SGB_EI_NI30E;1.030033826828003;1.1719084978103638
1KTZ_AB_EB31A;1.5598137378692627;0.10966633260250092
3SGB_EI_RI15N;0.3542247712612152;1.204115390777588
1R0R_EI_PI9C;-1.0556663274765015;-0.4045511484146118
1PPF_EI_EI19T;1.6102253198623657;0.6329132318496704
3SGB_EI_RI15S;0.2970413267612457;1.0234476327896118
1PPF_EI_NI36T;0.5915520787239075;-0.0715923085808754
1EMV_AB_SA26A;0.18760792911052704;0.14717620611190796
2G2U_AB_RB160A;0.7256193161010742;0.754496693611145
2PCB_AB_AA193F;0.7948272824287415;-0.13775098323822021
3SGB_EI_EI13M;-0.20274829864501953;0.8840561509132385
1A22_AB_TB32A;-0.08714993298053741;0.09674084931612015
1PPF_EI_PI14Y;-1.0299323797225952;-0.2465662658214569
1PPF_EI_PI14V;-1.631701946258545;-0.16669806838035583
1PPF_EI_PI14S;-0.6115067601203918;-0.009661130607128143
1S0W_AC_AC142F;-2.278270959854126;-1.7569546699523926
3SGB_EI_PI8H;0.2970413267612457;-0.3537140488624573
1Z7X_WX_EW287A;1.4314534664154053;0.2726380527019501
3SGB_EI_RI15H;0.4854639768600464;0.6356730461120605
3SGB_EI_PI8A;-0.20274829864501953;0.1685638725757599
1R0R_EI_PI9R;1.1794990301132202;-0.6667650938034058
1PPF_EI_RI21Q;-0.019626425579190254;0.3398771286010742
1PPF_EI_NI36I;0.9324522018432617;0.8306888937950134
1EMV_AB_PA45A;0.47393062710762024;0.13643434643745422
1Z7X_WX_EW401A;1.4152036905288696;0.16728243231773376
3SGB_EI_EI13P;2.434257984161377;0.7444203495979309
1PPF_EI_NI36Y;1.794103980064392;0.2746817171573639
1PPF_EI_PI14H;-1.8889728784561157;-0.10759107768535614
1R0R_EI_RI16V;0.12307217717170715;0.24350427091121674
1PPF_EI_PI14T;-0.28265222907066345;-0.30485963821411133
1PPF_EI_NI36V;0.37000590562820435;0.5140853524208069
3SGB_EI_RI15W;0.3336423635482788;0.12172220647335052
1R0R_EI_PI9A;-0.6835854053497314;-0.4974449872970581
2J0T_AD_MD66A;1.818099856376648;0.9215425252914429
1FFW_AB_HB23A;0.03668605536222458;0.8818380832672119
1PPF_EI_PI14A;-0.13280943036079407;0.4314238727092743
3SGB_EI_EI13Y;0.8338122367858887;0.46402740478515625
1PPF_EI_EI19W;1.6370761394500732;0.08215846866369247
1PPF_EI_RI21C;-0.08685576915740967;0.5990372896194458
1PPF_EI_NI36S;-1.4405323266983032;-0.6783770322799683
1R0R_EI_RI16S;-0.017487533390522003;0.7798362374305725
1PPF_EI_NI36K;2.80511212348938;0.78155517578125
1S1Q_AB_FA42A;0.21261538565158844;0.29758933186531067
1R0R_EI_RI16M;0.4780566394329071;0.7081961035728455
3SGB_EI_EI13C;1.2568210363388062;1.0515915155410767
1BRS_AD_ED74A;1.1850323677062988;1.6215276718139648
2PCC_AB_KB77A;0.32897910475730896;1.2036725282669067
1R0R_EI_RI16G;2.23555326461792;1.118291974067688
2J0T_AD_VD4I;1.779534101486206;0.4988095462322235
1PPF_EI_RI21K;0.6468337178230286;-0.5921100378036499
2G2U_AB_EB31A;0.7051237225532532;0.8810952305793762
1F47_AB_DA7S;2.236962080001831;0.27823033928871155
1A4Y_AB_WB89A;0.2602401673793793;0.24868637323379517
3SGB_EI_PI8M;-0.5355549454689026;-0.4264247417449951
1KTZ_AB_SB25A;0.5956597328186035;-0.017493024468421936
1KTZ_AB_DB8A;1.890336275100708;0.3130151331424713
3SGB_EI_PI8W;-0.5355549454689026;-0.27692288160324097
3SGB_EI_EI13N;1.179105520248413;0.7044962644577026
1PPF_EI_NI36W;1.8455350399017334;0.10014236718416214
2PCC_AB_KB92A;0.9770394563674927;-0.09642130136489868
2WPT_AB_EA27A;1.8784728050231934;0.10240349173545837
2PCB_AB_EA35Q;0.7323506474494934;0.17997390031814575
1PPF_EI_EI19G;2.268949270248413;2.812274932861328
1PPF_EI_RI21G;0.6183398365974426;1.1732990741729736
1A22_AB_QB33A;-0.20984229445457458;-0.0075593991205096245
1R0R_EI_RI16F;0.4780566394329071;0.05941590666770935
3SGB_EI_PI8L;-0.1512608826160431;-0.31586021184921265
1AK4_AD_PD85A;1.915143609046936;0.35118165612220764
3SGB_EI_RI15V;-0.02528643049299717;0.4152258634567261
3BK3_AC_TC4P;0.5269309878349304;0.5115853548049927
3SGB_EI_NI30L;0.7925854921340942;0.8729867935180664
3SGB_EI_RI15D;0.683272123336792;0.8405013084411621
1PPF_EI_PI14F;-1.9866863489151;0.022906580939888954
3SGB_EI_PI8S;0.07031761854887009;-0.1602945178747177
1PPF_EI_NI36M;1.158420443534851;0.014743641018867493
3SGB_EI_NI30M;0.15058788657188416;0.24380584061145782
1PPF_EI_RI21T;-0.019626425579190254;0.17091673612594604
1PPF_EI_NI36H;-0.5702800154685974;-0.04997606202960014
1R0R_EI_PI9Q;-1.5135493278503418;-0.5165635347366333
1PPF_EI_RI21E;0.4930780827999115;0.374666303396225
1PPF_EI_PI14M;-1.684556007385254;-0.2151736617088318
1S1Q_AB_DA44A;1.0298027992248535;1.1792616844177246
1BRS_AD_YD29A;3.7598047256469727;3.910979986190796
1F47_AB_DA7G;1.2343027591705322;0.025984391570091248
1GC1_GC_SC23A;0.31707653403282166;0.06947725266218185
1KTZ_AB_RA64A;3.1248116493225098;0.7070257663726807
1TM1_EI_RI43A;1.3608514070510864;0.8808534145355225
1LFD_AB_DA38A;-0.5112667679786682;-0.4693559408187866
1JTG_AB_DB163K;-2.1480226516723633;-1.9944738149642944
3SGB_EI_RI15F;0.24389798939228058;0.11101745069026947
1R0R_EI_RI16P;7.907331943511963;1.5804085731506348
1FC2_CD_NC24A;0.64349764585495;0.4985670745372772
1A4Y_AB_RB32A;0.9861177802085876;0.60185307264328
2PCC_AB_EA290A;6.7195210456848145;0.034192223101854324
3SGB_EI_NI30Y;-0.11627916246652603;1.3543918132781982
3SGB_EI_PI8E;-0.6669837832450867;-0.4419604539871216
1SBB_AB_VB26Y;-1.378411054611206;-0.6323369741439819
2WPT_AB_RA35A;-1.203524112701416;0.2620415687561035
3SGB_EI_NI30C;0.3741598427295685;0.37294870615005493
1E96_AB_IA33N;2.1790611743927;-0.1046801209449768
1PPF_EI_EI19P;3.4348888397216797;1.6080816984176636
1KTZ_AB_DB94A;1.1245458126068115;0.16742247343063354
3SGB_EI_NI30K;0.6199578046798706;1.1662838459014893
1GC1_GC_RC59A;1.2739230394363403;0.7978795766830444
1R0R_EI_RI16W;1.0115116834640503;0.08108124881982803
1R0R_EI_PI9Y;0.9174307584762573;-1.4101030826568604
3SGB_EI_NI30R;0.6199578046798706;1.0779365301132202
3SGB_EI_NI30H;-0.13352873921394348;0.5206459760665894
1GC1_GC_QC64A;0.47958555817604065;0.0841086134314537
1BRS_AD_EA58A;0.10236936062574387;1.5186631679534912
1UUZ_AD_HA62A;1.9227546453475952;0.4747709631919861
1PPF_EI_RI21Y;0.23606067895889282;-0.2656644582748413
1F47_AB_DA4A;0.7491413354873657;0.4632306396961212
1UUZ_AD_HA62N;1.646264672279358;0.41268613934516907
3SGB_EI_EI13D;0.5913566946983337;0.0768953412771225
1PPF_EI_EI19L;1.1459897756576538;1.162466287612915
1AK4_AD_AD92V;1.1279724836349487;0.527789294719696
1R0R_EI_RI16I;0.22154615819454193;0.3497215211391449
1A22_AB_QA68A;0.7815579175949097;0.5660929679870605
1PPF_EI_PI14D;-0.5271170735359192;-0.1257820725440979
1R0R_EI_RI16T;0.36874327063560486;0.6586235761642456
3BK3_AC_TC6P;1.8882956504821777;0.26771771907806396
1IAR_AB_RA81A;0.5195993185043335;0.5049303770065308
3BK3_AC_LC2R;0.028530530631542206;0.11402392387390137
1LFD_AB_RA7A;1.8337390422821045;1.8889626264572144
3SGB_EI_PI8Q;-0.33812928199768066;-0.08105385303497314
1R0R_EI_RI16Q;0.19516289234161377;0.5834478735923767
3SGB_EI_RI15L;0.24389798939228058;0.5868799090385437
3SGB_EI_PI8G;0.05751146748661995;-0.19899271428585052
1R0R_EI_RI16C;0.12307217717170715;0.7990719079971313
2G2U_AB_RB144A;-0.37092965841293335;0.3928222060203552
1R0R_EI_PI9K;0.36874327063560486;-0.542305588722229
3BK3_AC_LC2A;0.0;1.4785830974578857
1A22_AB_QB121A;0.009302553720772266;-0.23195943236351013
1R0R_EI_PI9E;-2.399855136871338;-0.5803883075714111
1KAC_AB_SA87Y;-1.3571733236312866;-0.4830225110054016
3SGB_EI_RI15I;0.26054877042770386;0.5612466931343079
1B3S_AD_FD30Y;0.645776629447937;-1.5958776473999023
1R0R_EI_PI9H;-0.2316586971282959;-0.9624093174934387
1PPF_EI_RI21L;-0.9186282753944397;-0.35212597250938416
3SGB_EI_NI30I;0.21176449954509735;1.285892128944397
1A22_AB_EA56A;0.5993797183036804;0.11640037596225739
2G2W_AB_KA79D;0.490634024143219;1.4281314611434937
1B2S_AD_AD43T;-2.4436113834381104;-1.3258707523345947
1A22_AB_EB12A;1.4923280477523804;0.8746433258056641
3SGB_EI_EI13H;0.5628628134727478;1.0166388750076294
1GC1_GC_SC60A;-0.0959741398692131;0.3576832711696625
3SGB_EI_EI13F;2.0795271396636963;0.8902353644371033
1XD3_AB_KB6A;1.4876686334609985;0.46174055337905884
1KTZ_AB_RA13K;1.2476886510849;0.2788222134113312
1PPF_EI_NI36Q;0.4097018241882324;-0.5548254251480103
1PPF_EI_NI36L;2.832282781600952;1.25311279296875
1PPF_EI_RI21P;7.174498081207275;3.33931565284729
1A22_AB_QA22A;-0.23816026747226715;0.15707769989967346
3SGB_EI_RI15A;0.05751146748661995;1.525079369544983
1PPF_EI_NI36F;1.9753196239471436;0.9921995401382446
3SGB_EI_PI8K;0.12202977389097214;-0.2938859164714813
1KTZ_AB_DB8N;2.4089648723602295;-0.17494319379329681
1PPF_EI_PI14Q;-0.8680172562599182;-0.06457093358039856
1PPF_EI_NI36C;0.6468337178230286;0.41914448142051697
3SGB_EI_EI13L;0.8338122367858887;1.0615869760513306
1R0R_EI_PI9N;-0.9815126657485962;-0.43910977244377136
3BK3_AC_IC3A;1.1252230405807495;1.35660982131958
1UUZ_AD_HA62Q;1.646264672279358;0.5039626359939575
1EMV_AB_YA53A;5.0233001708984375;5.456946849822998
3SGB_EI_EI13T;2.293381452560425;0.8664597868919373
1S1Q_AB_NA43A;1.3139903545379639;0.24205124378204346
2J0T_AD_VD4S;1.0643025636672974;2.1607420444488525
1PPF_EI_RI21V;-0.3740583658218384;-0.2716728448867798
1A22_AB_EB34A;-0.10285759717226028;0.01924450695514679
1PPF_EI_PI14L;-3.1278011798858643;-0.012626293115317822
1PPF_EI_NI36D;-3.2931969165802;-2.0129709243774414
1H9D_AB_RB2A;1.1616038084030151;0.4875778257846832
1AK4_AD_HD87R;2.521803855895996;0.11549898236989975
1PPF_EI_PI14I;-1.7668414115905762;0.01953253522515297
1A22_AB_QA46A;0.11701967567205429;0.10478681325912476
1GC1_GC_QC33A;0.11404133588075638;-0.055429261177778244
2O3B_AB_DB75N;6.395278453826904;0.2617461383342743
1IAR_AB_QA8A;-0.024222921580076218;0.5968519449234009
1PPF_EI_RI21M;-0.8127355575561523;-0.4940590262413025
1EAW_AB_FA92A;0.9663675427436829;0.10815146565437317
1R0R_EI_RI16E;0.36874327063560486;0.715203046798706
1KTZ_AB_RA64K;2.38498592376709;-0.5634822845458984
3SGB_EI_NI30D;0.9746886491775513;0.7179902791976929
2PCB_AB_EA32Q;0.6562409400939941;0.07364455610513687
1EMV_AB_EA28A;1.5347074270248413;0.6909695863723755
1PPF_EI_EI19D;0.6183398365974426;0.8045151233673096
2J1K_CT_GC10D;0.1990671306848526;-0.1817745566368103
2G2U_AB_SB35A;-1.0301538705825806;0.05376022681593895
3SGB_EI_NI30W;0.5628628134727478;0.8886233568191528
1JTG_AB_EA143A;-0.07863150537014008;0.9221252202987671
1PPF_EI_RI21A;0.22260193526744843;0.924984335899353
3SGB_EI_NI30F;-0.1512608826160431;1.14804208278656
1JTG_AB_DB163A;-1.452697992324829;-0.29702192544937134
1R0R_EI_RI16Y;0.8809006810188293;0.24125909805297852
1PPF_EI_EI19V;1.2400707006454468;1.4166744947433472
1R0R_EI_PI9V;1.424098014831543;-0.5113744139671326
1R0R_EI_PI9T;1.2815101146697998;-0.7662347555160522
1EAW_AB_YA141A;0.5440067052841187;0.7395489811897278
3SGB_EI_NI30G;0.3336423635482788;0.1147262305021286
1PPF_EI_EI19Y;1.3362209796905518;-0.3130662143230438
1FCC_AC_DC40A;0.2949422001838684;0.44710880517959595
1EAW_AB_RA48A;0.6365906000137329;1.8944696187973022
3SGB_EI_PI8Y;-0.4295353889465332;-0.4531130790710449
1R0R_EI_RI16H;0.5624462962150574;0.14161942899227142
1PPF_EI_PI14K;-0.4800778925418854;-0.011487171985208988
1A22_AB_SB57A;-0.1784144937992096;-0.2651231288909912
3SGB_EI_EI13S;2.0795271396636963;1.0982416868209839
1F47_AB_DA7A;1.8781543970108032;0.5382155179977417
1SBB_AB_YB91V;0.090115986764431;0.7572324275970459
1A22_AB_EB86A;0.8559896945953369;0.23567312955856323
1PPF_EI_RI21D;0.22260193526744843;0.6077994108200073
2O3B_AB_QB74A;3.5024232864379883;2.312044143676758
1PPF_EI_RI21N;0.35251834988594055;0.4770129323005676
1PPF_EI_EI19S;1.9753196239471436;1.6166839599609375
1F47_AB_YA5A;0.941826343536377;0.7001038193702698
3SGB_EI_RI15P;8.221860885620117;2.45571231842041
1BRS_AD_YD29F;-0.14322051405906677;0.6762162446975708
1UUZ_AD_HA62D;3.6608660221099854;0.43054619431495667
1A22_AB_EA65A;-0.4551960825920105;0.21483051776885986
1R0R_EI_PI9D;-2.6975924968719482;-0.6757926940917969
1JCK_AB_FB176A;2.186814785003662;0.7971653342247009
1R0R_EI_PI9G;-0.37000590562820435;-0.6573793888092041
1PPF_EI_PI14E;-1.528937578201294;-0.042116161435842514
1LFD_AB_NA41K;-0.8804417252540588;0.04541409760713577
2J0T_AD_VD4A;0.0;1.2245612144470215
1JTG_AB_RB160A;2.8799078464508057;1.6762585639953613
1EMV_AB_PA54A;1.3464276790618896;-0.12232273072004318
1PPF_EI_PI14W;-2.1452298164367676;-0.006372924894094467
3BK3_AC_IC3R;0.7051237225532532;0.22712107002735138
1PPF_EI_EI19I;0.773908793926239;1.647894024848938
3SGB_EI_EI13V;0.13646964728832245;0.9886141419410706
3SGB_EI_NI30S;0.4376010298728943;0.3418014645576477
3SGB_EI_RI15Q;0.04444125294685364;0.8924843072891235
1PPF_EI_EI19Q;0.706615686416626;1.659878134727478
1R0R_EI_PI9L;1.2670701742172241;-0.9296290874481201
3SGB_EI_RI15T;0.4854639768600464;0.4501241445541382
3SGB_EI_NI30V;-0.2587904930114746;0.5390585660934448
1KTZ_AB_RA13A;1.605067253112793;0.4436982274055481
1FC2_CD_KC31A;1.494255542755127;0.443835973739624
reverse_4G0N_AB_RB6A_DA33A;-2.8107669353485107;-2.8344614505767822
1JTG_AB_EA143A_RB160A;2.512202739715576;2.6416287422180176
2B2X_HLA_VH50T_EH64K_QL28S_YL52N_NL30Y;3.198152542114258;0.164203941822052
3SGB_EI_EI4D_AI9V_TI11S_EI13D_RI15M_KI23T_GI26N_NI30I_EI37D_LI42I;4.559291362762451;4.462857723236084
reverse_1LFD_AB_DA38A_DB33A;-0.21701906621456146;-0.3656306564807892
1R0R_EI_EI5D_AI10V_TI12S_RI16M_NI23S_GI27N_NI31D_SI46G;0.5192833542823792;1.985776662826538
4G0N_AB_RB6A_EA37A;2.5951621532440186;3.155306100845337
2B2X_HLA_VH50T_EH64K_QL28S_YL52N_YH58E;3.3805320262908936;2.4667859077453613
3SGB_EI_EI4D_LI12V_RI15M_EI37D;3.2496273517608643;2.5733914375305176
2B2X_HLA_VH50T_EH64K_QL28S_YL52N_LH60D;1.0642085075378418;0.8028464913368225
2B2X_HLA_VH50T_EH64K_QL28S_YL52N_SL91Q;3.0534236431121826;0.943773627281189
reverse_2C5D_ABCD_EC30R_ED30R;-0.3278638422489166;0.18324285745620728
5C6T_HLA_YA182A_NA195A_DA197A;3.1890954971313477;3.9977669715881348
2B2X_HLA_VH50T_EH64K_QL28S_YL52N_GH53S;1.8628990650177002;0.09748521447181702
1R0R_EI_EI5D_RI16M_EI38D;0.4393741488456726;0.36278700828552246
reverse_4G0N_AB_KB31A_DA33A;-2.9193079471588135;-2.589125394821167
reverse_4G0N_AB_RB6A_EA37A;-2.5951621532440186;-3.2353110313415527
5UFQ_AC_QC25R_KC55G;0.26689133048057556;-0.12903541326522827
2B2X_HLA_VH50T_EH64K_QL28S_YL52N_RH31Q;2.547593593597412;0.8523725271224976
1R0R_EI_EI5D_LI13V_RI16M_EI38D;2.5491325855255127;2.683309316635132
1BJ1_HLVW_HH101Y_YH103I_GH104A_SH105K;-0.4674062430858612;-0.7247322797775269
1PPF_EI_EI10D_AI15V_TI17S_EI19D_RI21M_KI29T_GI32N_NI36I_EI43D_LI48I;4.91964864730835;5.756161689758301
1R0R_EI_EI5G_LI13M_RI16M_EI38D;-0.2570174038410187;0.08817082643508911
4G0N_AB_RB6A_IA36A;4.755435943603516;3.307191848754883
1A22_AB_SB57A_SB61A_EB79A_KB80A;-0.9701007008552551;0.06411662697792053
reverse_2C5D_ABCD_RA32E_RB32E;-1.855130910873413;-2.0069572925567627
3SGB_EI_EI4D_LI12M_RI15M_EI37D;0.5096917748451233;0.06119133532047272
2B2X_HLA_VH50T_EH64K_QL28S_YL52N_YH58W;2.0204360485076904;1.6044378280639648
1R0R_EI_EI5D_AI10V_TI12S_RI16M_NI23S_GI27S_NI31D_EI38D;0.12307217717170715;1.4723217487335205
2B2X_HLA_VH50T_QL28S_YL52N;1.046547770500183;0.624541163444519
3VR6_ABCDEFGH_RA476A_RB481A_RC471A;-0.30166301131248474;0.21294981241226196
1PPF_EI_EI10D_KI13R_AI15V_EI19D_RI21M_GI32S_EI43D_LI48I_KI55R;2.4897348880767822;2.6983485221862793
2QJ9_ABC_AC43T_MC47L_KC48G_YC49L_GC11H_DC15E_AC30T_IC31M;0.45811763405799866;0.9549167156219482
reverse_4G0N_AB_KB31A_EA31A;-2.2706246376037598;-3.3257293701171875
2B2X_HLA_VH50T_EH64Q_QL28S_YL52N;1.046547770500183;0.6006406545639038
5C6T_HLA_NA195A_DA197A;0.6356688737869263;0.4890138804912567
2B2X_HLA_VH50T_EH64K_QL28S_YL52N_SH35A;2.835196018218994;1.2371463775634766
3G6D_LHA_TL89S_ML92I_VL93D_TL94K;0.8648729920387268;0.0366513654589653
1LFD_AB_MA17K_DA38K_DA45K;-2.0661683082580566;-2.6427879333496094
2B2X_HLA_VH50T_EH64K_QL28S_YL52N_SL91T;3.6415276527404785;1.1279387474060059
2B2X_HLA_VH50T_EH64D_QL28S_YL52N;0.9448546767234802;0.3914056420326233
2KSO_AB_RA43E_HB20E;0.4924483299255371;-0.7928133606910706
2B2X_HLA_VH50T_EH64K_QL28S_YL52N_GH53A;1.686248779296875;0.3115401268005371
reverse_1A22_AB_NB31A_TB32A_QB33A_EB34A_WB35A_WB39A;-0.17990656197071075;-0.7502278685569763
1A22_AB_QB121A_KB122A_VB126A;-0.9449275732040405;-0.5280221104621887
1BJ1_HLVW_HH101Y_YH103R_SH105T;-1.2714686393737793;-2.713775157928467
5UFQ_AC_DA12G_QC25R_KC55G;1.6400634050369263;1.3516929149627686
2B2X_HLA_VH50T_EH64K_QL28S_YL52N_GH54I;2.6085400581359863;0.7988046407699585
1PPF_EI_KI13T_PI14E_AI15Y_LI18G_RI21M_GI32P_NI36V;1.899017572402954;3.1382808685302734
2B2X_HLA_VH50T_QL28S_YL52N_LH60D;0.9769810438156128;0.6941007971763611
4RS1_AB_RB47A_EB48A_HB52A;-0.5921449661254883;2.1916842460632324
1R0R_EI_EI5G_KI8Q_TI12S_RI16V_LI18F_GI27S_NI31D_VI37A_EI38D;0.0;0.6271132230758667
2B2X_HLA_VH50T_EH64K_QL28S_YL52N_NL30V;2.2679662704467773;0.9177263975143433
2B2X_HLA_EH64K_QL28S_YL52N_SH35A;3.3805320262908936;1.7586079835891724
4NKQ_CAB_LB77A_TB78A_SB79A;0.11919906735420227;2.604057550430298
2B2X_HLA_VH50T_EH64K_QL28S_YL52N_SL91R;4.086410999298096;1.7003577947616577
2B2X_HLA_VH50T_EH64K_QL28S_YL52E;1.0345494747161865;0.07384192943572998
2KSO_AB_RA43E_HB20R;-0.889767050743103;-1.0372512340545654
1PPF_EI_KI13S_PI14D_AI15Y;-0.1341356784105301;-0.7146542072296143
2B2X_HLA_VH50T_EH64K_QL28S_YL52N_GH54Y;1.1306689977645874;0.3123801350593567
4G0N_AB_RB6A_NB11D;3.706355333328247;3.736135482788086
2B2X_HLA_VH50T_EH64K_QL28S_YL52N_FH99W;1.1306689977645874;0.4551948308944702
4G0N_AB_KB31A_DA33A;2.9193079471588135;2.592613697052002
reverse_4G0N_AB_FB8W_RB14L_NB18R_VB35I;-0.6537498235702515;-1.2654368877410889
1XXM_AC_AC74K_AC142F_AC143Y_AA79E_AA80Y;-2.613821506500244;-5.1111555099487305
reverse_1PPF_EI_KI13S_PI14D_AI15Y_LI18G_EI19I_RI21K;-4.326737880706787;-4.251918315887451
2B2X_HLA_VH50T_EH64K_QL28S_YL52N_NL30W;2.835196018218994;0.17224639654159546
2B2X_HLA_VH50T_EH64K_QL28S_YL52N_HL31R;2.348677396774292;-0.4909113645553589
2C5D_ABCD_RA32E_RB32E;1.855130910873413;2.0171689987182617
2B2X_HLA_VH50T_EH64K_QL28S_YL52N_GH53N;2.491218328475952;0.7704263925552368
1R0R_EI_EI5D_TI12L_RI16M_GI27D_NI31S_EI38D_TI44S;4.085078239440918;4.225759506225586
2B2X_HLA_VH50T_EH64N_QL28S_YL52N;1.091356873512268;0.6444506645202637
1A22_AB_SB57A_SB61A_EB79A_KB80A_QB121A_KB122A_VB126A;-1.5167819261550903;0.13416124880313873
4G0N_AB_RB6A_EA31A;2.378697156906128;3.073848247528076
1R0R_EI_EI5D_LI13F_RI16M_EI38D;1.215358018875122;1.002058744430542
4G0N_AB_KB31A_EA37A;3.7834906578063965;5.212005615234375
1CZ8_HLVW_LL4M_DH28T_HH31N_YH103R_GH104N;1.11869215965271;1.0884017944335938
reverse_1BP3_AB_PA48A_TA50A_SA51A_LA52F;-0.26669079065322876;-0.9427217841148376
1LFD_AB_NA14A_RB41A;1.674760341644287;1.9874345064163208
1BP3_AB_PA48A_TA50A_SA51A_LA52F;0.26669079065322876;0.9705348014831543
1A22_AB_QA46H_NA47D_PA48S_QA49E_LA52F;1.280517816543579;-0.3583507239818573
2B2X_HLA_VH50T_EH64K_QL28S_YL52N_GH100L;4.086410999298096;2.08419132232666
4G0N_AB_FB8W_RB14L_NB18R_VB35I;0.6537498235702515;1.2476246356964111
reverse_1PPF_EI_KI13T_PI14E_AI15Y_LI18G_RI21M_GI32P_NI36V;-1.899017572402954;-3.418287754058838
2B2X_HLA_VH50T_EH64K_QL28S_YL52N_FH99Y;1.948603630065918;0.8072245121002197
2B2X_HLA_VH50T_EH64K_QL28S_YL52N_GL92Q;2.835196018218994;1.0786629915237427
2B2X_HLA_EH64K_QL28S_YL52N_GH102S;2.9379124641418457;0.2088237851858139
reverse_4G0N_AB_RB6A_EA31A;-2.378697156906128;-3.0732650756835938
1PPF_EI_EI10D_AI15V_EI19D_RI21M_GI32S_EI43D_LI48I_KI55R;2.6601855754852295;3.0807461738586426
1LFD_AB_DA38K_DA43K_EA44K;-1.559187650680542;-1.334358811378479
2B2X_HLA_VH50T_EH64K_QL28S_YL52N_GH100M;1.2413651943206787;0.31120169162750244
1BP3_AB_SA57T_TA60A_SA62T_NA63G_RA64K_EA65D_TA67A_KA70R_NA72D_LA73V;2.4911084175109863;0.9595527648925781
reverse_1CZ8_HLVW_LL4M_DH28T_HH31N_YH103R_GH104N;-1.11869215965271;-1.0885878801345825
3SGB_EI_EI4D_AI9V_YI14D_RI15M_KI23I_GI26H_NI30Y_VI36A_EI37H_LI44F;2.489603281021118;3.5683999061584473
2QJ9_ABC_RC57K_TC59S_IC61K_PC62A_HC63Q_QC64L_SC67T;-0.7908283472061157;0.31674331426620483
1BJ1_HLVW_HH101Y_YH103R_GH104D_SH105N;-1.0788521766662598;-1.3355848789215088
reverse_1PPF_EI_EI10D_AI15V_EI19D_RI21M_KI29T_GI32S_EI43D_LI48I;-2.051121234893799;-3.8579211235046387
reverse_1REW_ABC_KC57R_SC59T_KC61I_AC62P_QC63H_LC64Q_TC67D;-0.7908283472061157;0.017597921192646027
2C5D_ABCD_EC33R_ED33R;1.7927682399749756;-0.39068955183029175
2B2X_HLA_EH64K_QL28S_YL52N;0.9880378842353821;0.6429644227027893
reverse_1PPF_EI_EI10D_AI15V_TI17S_EI19D_RI21M_KI29T_GI32N_NI36I_EI43D_LI48I;-4.91964864730835;-5.693324089050293
2B2X_HLA_VH50T_EH64K_QL28S_YL52D;1.6734117269515991;0.5045061111450195
reverse_4G0N_AB_FB8W_RB14L_VB16E_NB18R_KB31R_VB35I;-3.9044342041015625;-3.480109691619873
3BE1_HLA_DL28N_PL30A_RL31K_SL32T_TL97S_TL98S;-0.7426453828811646;-0.982835054397583
4RS1_AB_NB116A_SB117A_KB118A_RB119A;-0.05025593191385269;1.997255563735962
1FSS_AB_TB8V_TB9N_RB11K_HB29R_KB32R;0.8687215447425842;1.3523845672607422
4G0N_AB_KB31A_EA31A;2.2706246376037598;3.3237507343292236
2B2X_HLA_QL28S_YL52N;0.9350159168243408;0.30664634704589844
1PPF_EI_EI10D_AI15V_EI19D_RI21M_KI29T_GI32S_EI43D_LI48I;2.051121234893799;3.8906090259552
reverse_1LFD_AB_NA14A_RB41A;-1.674760341644287;-1.9911856651306152
reverse_1PPF_EI_EI10D_AI15V_EI19D_RI21M_GI32S_EI43D_LI48I_KI55R;-2.6601855754852295;-3.055718421936035
2B2X_HLA_VH50T_EH64K_QL28S_YL52N_GL92S;1.686248779296875;0.29090648889541626
3SGB_EI_EI4D_AI9V_EI13D_RI15M_KI23T_GI26S_EI37D_LI42I;1.280743956565857;2.2560510635375977
3BDY_HLV_DL28N_PL30A_RL31K_SL32T_YL57F_TL97S_TL98S;-1.0547466278076172;-0.9746701121330261
2B2X_HLA_VH50T_EH64K_QL28S_YL52N_SH35Q;4.086410999298096;1.1856846809387207
3SGB_EI_EI4D_LI12F_RI15M_EI37D;0.8338122367858887;1.0054094791412354
reverse_4G0N_AB_RB6A_IA36A;-4.755435943603516;-3.313998222351074
1JTG_AB_NA75A_RB160A;1.7082746028900146;2.2652459144592285
2B2X_HLA_VH50T_EH64Q_QL28S_YL52N_LH60D;1.177262306213379;0.8731177449226379
1REW_ABC_KC57R_SC59T_KC61I_AC62P_QC63H_LC64Q_TC67D;0.7908283472061157;-0.014327265322208405
reverse_4G0N_AB_KB31A_EA37A;-3.7834906578063965;-5.227687835693359
2B2X_HLA_EH64K_QL28S_YL52N_SH35V;4.086410999298096;0.894038736820221
1BP3_AB_QA46H_NA47D_PA48S_QA49E_LA52F;0.26669079065322876;-0.2831416428089142
2B2X_HLA_VH50T_EH64K_QL28S_YL52R;2.046334743499756;1.1842514276504517
1BJ1_HLVW_HH101Y_YH103R_GH104N_SH105T;-0.8265851140022278;-1.8150982856750488
reverse_1PPF_EI_EI10D_KI13R_AI15V_EI19D_RI21M_GI32S_EI43D_LI48I_KI55R;-2.4897348880767822;-2.662324905395508
2B2X_HLA_VH50T_EH64K_QL28S_YL52N_GH100F;1.5522992610931396;-0.11741381883621216
1R0R_EI_EI5D_LI13M_RI16M_EI38D;-0.2570174038410187;-0.019399642944335938
1A22_AB_NB31A_TB32A_QB33A_EB34A;-0.14795729517936707;-0.2592540979385376
3SGB_EI_EI4D_RI15M_KI23Q_GI26S_NI30S_EI37D;1.8137940168380737;1.3879003524780273
2B2X_HLA_VH50T_EH64K_QL28S_YL52K;1.8432996273040771;0.9322649240493774
1CZ8_HLVW_LL4M_DH28T_HH31N_TH105K_YH103I_GH104A;1.477871060371399;1.4511266946792603
1PPF_EI_EI10D_RI21M_KI29Q_GI32S_NI36S_EI43D;-0.4800778925418854;-0.3350433111190796
1R0R_EI_EI5D_RI16M_KI24Q_GI27S_NI31S_EI38D;0.7155050039291382;1.541581153869629
1SBB_AB_LB20T_VB26Y_YB91V;0.14322051405906677;-1.454482913017273
2C5D_ABCD_EC30R_EC33R_ED30R_EC33R;2.0030882358551025;-0.267721563577652
2B2X_HLA_VH50T_EH64K_QL28S_YL52N_GH100S;1.7351738214492798;0.599456250667572
2B2X_HLA_VH50T_EH64K_QL28S_YL52N;1.1306689977645874;0.4104665517807007
reverse_1A22_AB_QA46H_NA47D_PA48S_QA49E_LA52F;-1.280517816543579;0.39635729789733887
4G0N_AB_RB6A_DA33A;2.8107669353485107;2.8619213104248047
reverse_1CZ8_HLVW_LL4M_DH28T_HH31N_TH105N_YH103R_GH104D;-0.8664251565933228;-0.9398829936981201
1PPF_EI_KI13T_PI14E_AI15Y;-0.8113941550254822;-0.849407434463501
reverse_1BP3_AB_SA57T_TA60A_SA62T_NA63G_RA64K_EA65D_TA67A_KA70R_NA72D_LA73V;-2.4911084175109863;-0.8950726985931396
reverse_1BP3_AB_QA46H_NA47D_PA48S_QA49E_LA52F;-0.26669079065322876;0.29263460636138916
2B2X_HLA_VH50T_EH64K_QL28S_YL52N_YH58Q;3.3805320262908936;2.4014971256256104
2B2X_HLA_VH50T_EH64K_QL28S_YL52N_HL31K;2.3924307823181152;0.2071671485900879
1R0R_EI_EI5D_LI13V_RI16M_GI27D_EI38D;4.988193511962891;5.246426582336426
3BE1_HLA_DL28N_PL30A_RL31K_SL32T_YL57F_TL97S_TL98S;-0.9411409497261047;-1.0435187816619873
1R0R_EI_EI5D_RI16M_KI29R_EI38D;-0.08773086220026016;0.11944124102592468
3SGB_EI_EI4D_AI9V_EI13D_RI15M_GI26S_EI37D_LI42I_KI49R;1.1623499393463135;2.0036163330078125
1LFD_AB_DA38A_DB33A;0.21701906621456146;0.34671729803085327
3SGB_EI_RI15M_KI23Q_GI26S_EI37D;2.25215482711792;1.9317059516906738
1CZ8_HLVW_LL4M_DH28T_HH31N_TH105N_YH103R_GH104D;0.8664251565933228;0.9190115928649902
1PPF_EI_KI13S_PI14D_AI15Y_LI18G_EI19I_RI21K;4.326737880706787;4.211484909057617
reverse_2C5D_ABCD_EC33R_ED33R;-1.7927682399749756;0.35815346240997314
2B2X_HLA_VH50T_EH64K_QL28S_YL52N_GH54T;2.3924307823181152;0.8777057528495789
reverse_2C5D_ABCD_EC30R_EC33R_ED30R_EC33R;-2.0030882358551025;0.293282151222229
4G0N_AB_FB8W_RB14L_VB16E_NB18R_KB31R_VB35I;3.9044342041015625;3.7437644004821777
1A22_AB_NB31A_TB32A_QB33A_EB34A_WB35A_WB39A;0.17990656197071075;0.7690860033035278
2PCC_AB_KB77A_EA290A;1.1940408945083618;3.633176565170288
2B2X_HLA_VH50T_EH64K_QL28S_YL52N_HL31W;2.491218328475952;0.06663835048675537
reverse_1PPF_EI_RI21M_KI29Q_GI32S_EI43D;-0.07637616991996765;-0.9929075241088867
3SGB_EI_EI4D_RI15M_EI37D;0.08287016302347183;-0.5006406307220459
2WPT_AB_EA14Q_FA15L_KA17T_KA18T_RA21N_EA23D_GA24T_AA25S_TA26S;-0.07396159321069717;-2.285079002380371
2C5D_ABCD_EC30R_ED30R;0.3278638422489166;-0.16284678876399994
1PPF_EI_RI21M_KI29Q_GI32S_EI43D;0.07637616991996765;1.079163670539856
reverse_4G0N_AB_RB6A_NB11D;-3.706355333328247;-3.7261226177215576
4GU0_AE_LE20A_TE22A_RE26A;0.9712609648704529;1.1747467517852783
3SGB_EI_EI4G_LI12M_RI15M_EI37D;0.9746886491775513;0.4922812283039093
reverse_1CZ8_HLVW_LL4M_DH28T_HH31N_TH105K_YH103I_GH104A;-1.477871060371399;-1.458971381187439
1R0R_EI_EI5D_LI13M_RI16M_GI27D_EI38D;2.175074338912964;2.6581966876983643
1C1Y_AB_RB5A_NB10D;2.981943130493164;3.736847400665283
1BJ1_HLVW_HH101Y_YH103W_SH105T;-1.1282482147216797;-1.274617314338684
3SGB_EI_EI4D_TI11L_RI15M_GI26D_NI30S_EI37D_TI43S;4.034512519836426;3.6562750339508057
