RP:0.7433047938339925;RMSE:1.0747288189912514
yddg;yhat
3MZW_AB_NB18T_SB28K;-0.23292408883571625;0.18672841787338257
1LFD_AB_DA45K_DA81K;-0.6894576549530029;-1.9499015808105469
reverse_3MZW_AB_NB1A_NB18T_SB28K_AB37S_NB38E_AB41S_AB49S;-0.23772194981575012;-0.45094576478004456
3L5X_AHL_NL92S_EL93H_YL94G;-1.35015869140625;-0.870115339756012
4NKQ_CAB_YB119A_QB120A_KB121A_LB122A_SB123A_YB124A;-0.33665621280670166;2.2726852893829346
1OHZ_AB_SB11L_TB12L_SB45Q;3.660799026489258;-0.5638324022293091
2VN5_AB_SB42A_TB43F_SA75A;0.0;0.4551704227924347
4GNK_AB_KA294A_LB764A;-1.6822646856307983;-1.3827881813049316
reverse_1PPF_EI_DI7N_EI10G_LI18M_RI21M_EI43D_KI55E;-0.041151389479637146;0.202408105134964
3L5X_AHL_NL92V_EL93G_YL94G;-0.5018144845962524;-0.8050727844238281
1R0R_EI_RI16M_KI24Q_GI27S_EI38D;1.1894817352294922;1.5641896724700928
3L5X_AHL_NL92V_EL93W_YL94G;-0.9052751660346985;-1.1193722486495972
1REW_ABC_DA42A_EA98R_DB42A_EB98R;0.04728982225060463;1.1853320598602295
1PPF_EI_EI10D_AI15V_TI17S_RI21M_NI28S_GI32S_VI42A_EI43D;1.7268108129501343;2.3749289512634277
reverse_1CZ8_HLVW_LL4M_DH28T_HH31N_YH101H_TH105S_LH72I_TH74K;-2.0282094478607178;-2.0048532485961914
1BJ1_HLVW_LH72V_TH74V;0.726882815361023;-0.13646520674228668
reverse_2VN5_AB_SB42A_TB43F_NA81A;-0.6621203422546387;0.08402630686759949
reverse_1PPF_EI_YI11H_EI19D_LI23I_NI28S_GI32S_NI36D_VI42M_EI43D;-0.35251834988594055;1.4282519817352295
1MHP_HLA_TH50V_KH64E_SL27Q_NL51Y;-1.1754109859466553;-0.7235255241394043
reverse_1A22_AB_NA12R_MA14V_LA15V_RA16L_RA19Y;-1.8206619024276733;0.11858397722244263
1EMV_AB_SA63E_NA67K_TA68E_VA69I_QA71E;0.08570462465286255;0.398996502161026
3IDX_HLG_WG13M_MG247A_CG14W_CG129V_CG27I_CG242Q;-2.544826030731201;0.6673421859741211
4UYQ_AB_RB14N_KB50N_SB51I_IB52N;1.0056720972061157;-1.1089154481887817
1CZ8_HLVW_LL4M_DH28T_HH31N_YH101H_TH105S_LH72V_TH74V;2.6721601486206055;1.837621808052063
4YFD_AB_EA207G_LA208S_RA209S_EA210G;-0.03891077637672424;0.49612149596214294
3L5X_AHL_NL92S_EL93V_YL94G;-0.5602030158042908;-0.7609882950782776
reverse_1A22_AB_DB107A_RB111A_EB113A;-0.340573787689209;-1.1540403366088867
reverse_1PPF_EI_EI10D_LI18V_RI21M_EI43D;-0.041151389479637146;0.2986449897289276
1C4Z_ABCD_SA243P_NA245P;-0.08204745501279831;-0.3690224587917328
1YY9_CDA_SC26D_TC31E_NC93A_ND56A_TD61E;-0.7064349055290222;-1.2284891605377197
2VN5_AB_SB42A_TB43F_TA35A;0.3393365144729614;0.9021182060241699
2NY7_HLG_KG66C_EG102C_WG13M_MG231A_CG14W_CG110V_CG27I_CG226Q;0.43331870436668396;0.7341600656509399
reverse_1EMV_AB_SA63E_NA67K_TA68E_VA69I_QA71E;-0.08570462465286255;-0.3827436566352844
reverse_2VN5_AB_SB42A_TB43F_MA125G;-1.7270889282226562;-1.5114927291870117
1OHZ_AB_SB11A_TB12A;0.09703915566205978;0.5103227496147156
reverse_1A22_AB_NA109D_VA110D_DA112H;-0.3751589357852936;0.010089324787259102
3MZW_AB_NB1A_NB18T_SB28K_AB37S_NB38E_AB41S_AB49S;0.23772194981575012;0.44803327322006226
3L5X_AHL_NL92L_EL93M_YL94G;-0.8948948979377747;-0.9219573140144348
1A22_AB_DA11A_MA14V_HA18Q_RA19H_FA25A_QA29K_EA33R;0.8094334602355957;-0.19139665365219116
1REW_ABC_DA19A_AA23D_DB19A_AB23D;0.5158663392066956;0.45054009556770325
3MZW_AB_NB1A_NB18T_SB28K_DB31A_AB37S_AB41S_AB49S;0.4854337275028229;0.8967708945274353
1R0R_EI_DI2N_EI5G_LI13M_RI16M_EI38D_KI50E;-1.1229594945907593;-0.5900391340255737
reverse_3MZW_AB_NB18T_AB49S;-0.10291292518377304;0.10401516407728195
1JTG_AB_VB165K_DB163K_NB89K;-2.5929059982299805;-2.7965848445892334
reverse_1PPF_EI_EI10D_LI18F_RI21M_EI43D;-4.871786117553711;-3.944258213043213
1A22_AB_KB158A_DB160A_KB161A_EB162A_EB164A;1.213606834411621;1.1169030666351318
3LZF_ABHL_DA187E_DA222G;0.13806520402431488;0.9891811609268188
3L5X_AHL_NL92D_EL93P_YL94G;-1.5931905508041382;-0.5344581604003906
5UFE_AB_QB25R_EB33G_DB34G;0.10564813762903214;0.48500120639801025
3L5X_AHL_NL92S_EL93Y_YL94G;-1.045016884803772;-1.6082608699798584
2C5D_ABCD_YA364A_YB364A;1.0643025636672974;0.36020755767822266
3L5X_AHL_EL93F_YL94G;-0.46388933062553406;-0.5261168479919434
1PPF_EI_EI10D_RI21M_LI23F_NI28S_GI32S_EI43D;0.4930780827999115;0.21617749333381653
3MZW_AB_NB18T_AB37S_AB41S_LB46Y;-0.05838853120803833;-0.3964962959289551
1REW_ABC_HA28D_HB28D;0.21195943653583527;0.05073210597038269
reverse_1A22_AB_RA127D_LA128V_EA129H;-0.3427908420562744;0.07031821459531784
1REW_ABC_AA23D_AB23D;0.0;-0.4898509383201599
3SGB_EI_YI5H_EI13D_LI17I_NI22S_GI26S_NI30D_VI36M_EI37D;2.489603281021118;2.9547696113586426
reverse_1REW_ABC_HA28D_SA77A_HB28D_SB77A;-0.19868211448192596;-0.24944739043712616
3L5X_AHL_HL91Q_NL92D_EL93L_YL94G;-1.934783935546875;-0.839853048324585
3IDX_HLG_KG85C_EG121C_WG13M_MG247A_CG14W_CG129V_CG27I_CG242Q;-2.3760745525360107;0.7603098154067993
reverse_1BP3_AB_EA88G_QA91Y_FA92H_RA94T_SA95E;-0.22697722911834717;-0.06736332178115845
4KRO_AB_DA321T_FA323A;0.13761496543884277;0.3574921786785126
reverse_1CZ8_HLVW_LL4M_DH28T_HH31N_YH101H_TH105S_LH72V_TH74V;-2.6721601486206055;-1.864342451095581
1REW_ABC_HA28D_SA77A_HB28D_SB77A;0.19868211448192596;0.24925144016742706
1R0R_EI_LI13M_SI46N_HI47R_KI50Q;-0.6835854053497314;-0.5678633451461792
1PPF_EI_EI10D_LI18M_RI21M_EI43D;0.8892892599105835;0.4330763816833496
3MZW_AB_NB18T_LB46T;-0.194013312458992;-0.21655909717082977
1A22_AB_QA22N_FA25S_DA26E_QA29S_EA30Q_EA33K;-0.1020926907658577;0.05127871036529541
1PPF_EI_EI10D_AI15V_TI17P_EI19D_RI21M_NI28S_GI32S_NI45S_SI51R;3.565972328186035;4.717665195465088
1A22_AB_NA12R_MA14V_LA15V_RA16L_RA19Y;1.8206619024276733;-0.06653670966625214
3IDX_HLG_WG13M_MG247A_CG14W_CG129V_KG85C_EG121C;-0.3919844627380371;0.8099005222320557
2VN5_AB_SB42A_TB43F_NA81A;0.6621203422546387;-0.08805878460407257
1C1Y_AB_KA31E_EA30D;-2.182994842529297;-1.8955272436141968
3L5X_AHL_NL92D_EL93L_YL94G;-0.46564537286758423;-1.5598978996276855
2VN5_AB_SB42A_TB43F_SA66A;-0.09826277941465378;0.30529433488845825
4RA0_AC_SC6G_GC61D_AC66V_RC101G;1.2820292711257935;1.4715393781661987
1R0R_EI_EI5D_AI10V_TI12S_RI16M_NI23S_GI27S_VI37A_EI38D;-0.05398007854819298;1.2265375852584839
1MHP_HLA_TH50V_KH64E_SL27Q_NL51E;-1.3735613822937012;-0.8181649446487427
reverse_1PPF_EI_EI10D_AI15V_TI17S_RI21M_NI28S_GI32S_VI42A_EI43D;-1.7268108129501343;-2.3601717948913574
reverse_2VN5_AB_SB42A_TB43F_YA39A;-1.4027183055877686;-1.25165593624115
3L5X_AHL_NL92S_EL93I_YL94G;-0.8746248483657837;-0.5121110677719116
1QAB_ABCDE_SA100E_SB91E_SC91E_SD91E;1.775249719619751;0.7946519255638123
1JRH_LHI_TI9L_EI11K;-0.027709249407052994;0.19339314103126526
reverse_1PPF_EI_EI10D_AI15V_TI17S_RI21M_VI42A_EI43D;-1.312298059463501;-0.8417877554893494
1REW_ABC_SA77A_SB77A;0.22020578384399414;0.4718581438064575
1R0R_EI_EI5D_TI12S_EI14D_RI16M_NI23S_GI27S_EI38D_GI49E;1.3889384269714355;3.5504090785980225
reverse_1A22_AB_EB138A_KB140A_KB142A_DB145A;-0.13025377690792084;-0.7707240581512451
3L5X_AHL_NL92S_EL93W_YL94G;-1.378689169883728;-1.2390918731689453
2C5D_ABCD_QC28R_QD28R;0.0989387258887291;-0.41268354654312134
2VN5_AB_SB42A_TB43F_TA35A_NA37A;1.8221033811569214;0.8879281282424927
1QAB_ABCDE_DA99A_DB90A_DC90A_DD90A;1.8193533420562744;1.7308933734893799
1PPF_EI_EI10D_LI18V_RI21M_EI43D;0.041151389479637146;-0.30249813199043274
1LFD_AB_KA35A_EB63A;0.3210717737674713;0.6980808973312378
reverse_2VN5_AB_SB42A_TB43F_IA83A;-1.026835322380066;-1.133550763130188
reverse_1PPF_EI_EI10D_RI21M_LI23F_NI28S_GI32S_EI43D;-0.4930780827999115;-0.21531260013580322
3SGB_EI_LI12M_TI43N_KI49T;0.2970413267612457;0.8457951545715332
2NY7_HLG_KG66C_EG102C_CG27I_CG226Q;0.04428178071975708;0.12328076362609863
2NY7_HLG_KG66C_EG103C_WG13M_MG231A_CG14W_CG110V_CG27I_CG226Q;0.3250364065170288;0.7786457538604736
1YY9_CDA_SC26D_TC31E_NC93A;-1.4446874856948853;-1.858468770980835
reverse_1REW_ABC_EA98R_EB98R;-0.29123440384864807;-0.39663705229759216
reverse_1BP3_AB_NA12R_MA14V_LA15V_RA16L_RA19Y;-0.415025532245636;0.04247845709323883
1R0R_EI_LI13M_HI47R_KI50E;-0.9815126657485962;-1.2641136646270752
reverse_1A22_AB_KB158A_DB160A_KB161A_EB162A_EB164A;-1.213606834411621;-1.1043450832366943
3SGB_EI_DI1N_EI4G_LI12M_RI15M_EI37D_KI49E;0.020899131894111633;0.05321432650089264
1PPF_EI_VI6I_EI10D_AI15V_TI17S_RI21M_NI28S_GI32S_EI43D_TI49I;2.106403112411499;2.4886202812194824
1A22_AB_NA109D_VA110D_DA112H;0.3751589357852936;-0.017750397324562073
3L5X_AHL_NL92D_EL93W_YL94S;-0.7761613726615906;-0.7934419512748718
1PPF_EI_EI10D_AI15V_TI17S_RI21M_VI42A_EI43D;1.312298059463501;0.8416919708251953
3L5X_AHL_NL92L_EL93D_YL94S;-0.6687759160995483;-2.1036336421966553
1PPF_EI_DI7N_EI10D_AI15V_TI17S_EI19L_RI21M_VI42A_EI43D;1.5007206201553345;1.6092965602874756
3L5X_AHL_NL92E_EL93W_YL94G;-1.6803522109985352;-1.2532000541687012
4YH7_AB_EA207G_LA208S_RA209S_EA210G;-0.04428178071975708;-0.005275100469589233
4X4M_ABE_KE153A_HE154A_RE155A;1.937178373336792;1.4203723669052124
1JTG_AB_VB165K_DB163K_DB135K_NB89K;-3.6406490802764893;-2.641733169555664
3L5X_AHL_NL92S_EL93W_YL94A;-0.3284316062927246;-1.1638327836990356
reverse_1REW_ABC_HA28D_HB28D;-0.21195943653583527;-0.03915411978960037
3IDX_HLG_KG85C_EG122C_WG13M_MG247A_CG14W_CG129V_CG27I_CG242Q;-2.4849226474761963;1.078397274017334
2NY7_HLG_CG27I_CG226Q_MG231A;0.22022640705108643;0.6711071133613586
3MZW_AB_NB18T_NB38E_AB49S;0.1487775295972824;-0.26395177841186523
1R0R_EI_AI10V_TI12S_RI16M_NI23S_KI24Q_GI27S_KI29E_EI38D;1.499265193939209;2.334714412689209
1PPF_EI_EI10D_LI18F_RI21M_EI43D;4.871786117553711;3.9566988945007324
reverse_1PPF_EI_EI10D_TI17L_RI21M_GI32D_NI36S_EI43D_TI49S;-4.6780829429626465;-4.532578945159912
4NKQ_CAB_YB119A_YB124A;-0.6794470548629761;1.485485315322876
3L5X_AHL_HL91P_NL92I_EL93D_YL94A;-0.7008816003799438;-0.35644304752349854
3MZW_AB_NB1A_NB18T_AB37S_AB41S_AB49S;-0.031193746253848076;0.31376656889915466
3G6D_LHA_EL3V_GL76R_TL77V_QL78E_EL80G_FH103A_HH104A_WH105A;5.00761079788208;0.13840550184249878
1REW_ABC_DA19A_WA20A_DB19A_WB20A;2.235034465789795;2.4956443309783936
3VR6_ABCDEFGH_RD347E_RE347E_RF350E;0.31161409616470337;0.8909745812416077
4UYP_AD_RD14N_KD50N_SD15I_ID16N;0.7696594595909119;-0.7373031377792358
1K8R_AB_DA30K_EA31K;0.4602976143360138;-0.18377529084682465
2VN5_AB_SB42A_TB43F_MA125G;1.7270889282226562;1.5149953365325928
reverse_1REW_ABC_DA19A_AA23D_DB19A_AB23D;-0.5158663392066956;-0.4657125174999237
2C5D_ABCD_QC96R_QD96R;0.3278638422489166;0.3069329857826233
3G6D_LHA_EL3V_GL76R_TL77V_QL78E_EL80G_DH54N;0.12049844115972519;0.7729001045227051
3MZW_AB_NB18T_EB42A;-0.3661935329437256;-0.19285959005355835
reverse_2VN5_AB_SB42A_TB43F_KA127G;-0.5653684735298157;-0.00977623462677002
3L5X_AHL_EL93H_YL94G;-0.8265851140022278;-0.8496516942977905
2VN5_AB_SB42A_TB43F_NA37A;1.325277328491211;-0.13778945803642273
3L5X_AHL_HL91Q_NL92D_EL93Y_YL94G;-1.5731316804885864;-1.1549315452575684
2VN5_AB_SB42A_TB43F_YA39A;1.4027183055877686;1.258012294769287
reverse_2C5D_ABCD_QC96R_QD96R;-0.3278638422489166;-0.2928698658943176
1R0R_EI_VI1I_EI5D_AI10V_TI12S_RI16M_NI23S_GI27S_EI38D_TI44I;0.3054289221763611;1.646209955215454
reverse_2VN5_AB_SB42A_TB43F_TA35A_NA37A;-1.8221033811569214;-0.8953518867492676
1PPF_EI_EI10D_RI21M_EI43D;-0.8127355575561523;-0.8752404451370239
1BP3_AB_NA12R_MA14V_LA15V_RA16L_RA19Y;0.415025532245636;-0.04976341128349304
1JRH_LHI_AI85D_KI88R_EI90K;-0.05175068601965904;-0.9015024900436401
1R0R_EI_EI5D_AI10V_YI15D_RI16M_KI24I_GI27H_NI31Y_VI37A_EI38H_LI45F;6.086611270904541;6.009113311767578
reverse_2VN5_AB_SB42A_TB43F_FB17A_LB45A;-5.543695449829102;-2.622379779815674
1REW_ABC_AA23D_DA42A_AB23D_DB42A;-0.19924211502075195;0.6031930446624756
reverse_1BP3_AB_QA22N_FA25S_DA26E_QA29S_EA30Q_EA33K;-1.7445619106292725;-1.046315312385559
2NY7_HLG_WG13M_MG231A_CG14W_CG110V_KG66C_EG102C;0.5972082018852234;0.6954606771469116
2VN5_AB_SB42A_TB43F_LA77A;3.5190117359161377;0.9314569234848022
1BP3_AB_QA22N_FA25S_DA26E_QA29S_EA30Q_EA33K;1.7445619106292725;1.0432525873184204
1A22_AB_NA12R_MA14V_LA15V_RA16L_RA19Y_FA25S_DA26E_QA29S_EA30Q_EA33K;1.514557123184204;-0.2358565479516983
1CZ8_HLVW_LL4M_DH28T_HH31N_YH101H_TH105S_LH72I_TH74K;2.0282094478607178;1.9852603673934937
3IDX_HLG_WG13M_SG111T_WG200S_MG247A_CG14W_CG129V_CG27I_CG242Q;-2.0202245712280273;0.8556086421012878
2VN5_AB_SB42A_TB43F_LA79A;3.1788313388824463;0.22522175312042236
3L5X_AHL_NL92S_EL93S_YL94G;-0.2701047956943512;-0.8518679141998291
3IDX_HLG_KG85C_EG121C_CG27I_CG242Q;-2.5770137310028076;0.13399681448936462
reverse_1REW_ABC_DA19A_WA20A_DB19A_WB20A;-2.235034465789795;-2.5147204399108887
4JPK_HLA_DA159N_DA33N;0.6708577275276184;0.2164859175682068
3MZW_AB_NB18T_AB37S_AB41S_AB49S;-0.12262522429227829;-0.1939992606639862
reverse_1REW_ABC_HA28D_LA89A_HB28D_LB89A;-0.12862174212932587;-0.5405439138412476
1R0R_EI_LI13M_LI18V_KI24I_EI38K;-0.8971229791641235;0.06773211807012558
reverse_1A22_AB_FA97R_AA98G_NA99M_SA100Q_LA101D_VA102A_YA103P_GA104E;-0.2849290370941162;0.17267131805419922
1REW_ABC_HA28D_LA89A_HB28D_LB89A;0.12862174212932587;0.5990393161773682
3MZW_AB_NB1A_NB18T_SB28K_AB37S_AB41S_EB42A_AB49S;-0.2536355257034302;0.6635065078735352
reverse_2VN5_AB_SB42A_TB43F_MA125G_KA127A;-2.6158180236816406;-1.6282289028167725
3L5X_AHL_NL92D_EL93W_YL94E;-1.2966417074203491;-1.3552210330963135
reverse_1PPF_EI_EI10D_LI18M_RI21M_EI43D;-0.8892892599105835;-0.42931652069091797
reverse_2VN5_AB_SB42A_TB43F_LA77A;-3.5190117359161377;-0.9299470782279968
2CCL_AB_AB48S_AB49T;-0.09703915566205978;-0.7663153409957886
4GNK_AB_LB764A_DA279A_PA281D;-1.8669079542160034;-1.2082643508911133
3G6D_LHA_EL3V_GL76R_TL77V_QL78E_EL80G;0.15153808891773224;0.14940930902957916
1REW_ABC_EA98R_EB98R;0.29123440384864807;0.3815109431743622
3MZW_AB_NB1A_NB18T_SB28K_AB37S_AB41S_AB49S;-0.23292408883571625;0.629111111164093
3SGB_EI_LI12M_HI46R_KI49E;-0.12484527379274368;-0.13501077890396118
3MZW_AB_NB18T_AB37S_AB41S_LB46T;-0.15732724964618683;-0.334545373916626
3G6D_LHA_KH210T_KH215T;-0.14409315586090088;0.16336897015571594
2NY7_HLG_WG13M_SG92T_WG181S_MG231A_CG14W_CG110V_CG27I_CG226Q;-0.32904043793678284;0.9981594085693359
3MZW_AB_NB18T_LB46Y;-0.028530530631542206;-0.11720798164606094
1JRH_LHI_AI49S_II51T_HI55D;0.07660047709941864;-0.124459408223629
3MZW_AB_NB1A_NB18T_SB28K_DB32E_AB37S_AB41S_AB49S;-0.7365782856941223;1.0053116083145142
3L5X_AHL_HL91P_NL92L_EL93D_YL94T;-0.8779590725898743;-1.0875434875488281
4UYP_AD_SD15I_ID16N;-0.28505000472068787;-0.027970820665359497
1JRH_LHI_AI93L_VI94M;0.6867844462394714;-0.4694611728191376
reverse_1PPF_EI_EI10D_TI17S_EI19D_RI21M_NI28S_GI32S_EI43D_GI54E;-3.510690689086914;-4.490252494812012
3VR6_ABCDEFGH_RD347K_RE347K_RF350K;1.3142732381820679;-0.37499675154685974
3MZW_AB_NB1E_NB18T_AB37S_AB41S_AB49S;0.30514177680015564;-0.19565990567207336
1BP3_AB_EA88G_QA91Y_FA92H_RA94T_SA95E;0.22697722911834717;0.06649598479270935
4UYQ_AB_LB20Y_LB56Y_SB51I_IB52N;0.5043097734451294;-1.014711856842041
3L5X_AHL_NL92L_EL93L_YL94G;-0.678446352481842;-1.797346591949463
3L5X_AHL_NL92D_EL93N_YL94S;-0.578808069229126;-1.0827633142471313
4KRP_AB_DA277T_FA279A;0.3883335292339325;0.29177021980285645
4YFD_AB_EA207Q_RA209E_EA210Q;0.18699869513511658;0.3537389636039734
3MZW_AB_NB18T_AB49S;0.10291292518377304;-0.09756021946668625
reverse_2VN5_AB_SB42A_TB43F_LA79A;-3.1788313388824463;-0.2300633192062378
3IDX_HLG_CG27I_CG242Q_MG247A;-2.355837106704712;0.4365219175815582
2VN5_AB_SB42Q_TB43Q;1.0488940477371216;-0.07327385991811752
1JTG_AB_DB163K_DB135K_VB134K;-3.3098068237304688;-1.7340015172958374
2VN5_AB_SB42A_TB43F_MA125G_KA127A;2.6158180236816406;1.626461386680603
1R0R_EI_LI13M_TI44N_KI50T;-0.8971229791641235;-0.24075010418891907
1A22_AB_EB138A_KB140A_KB142A_DB145A;0.13025377690792084;0.75189208984375
reverse_1REW_ABC_LA89A_LB89A;-0.25604507327079773;-0.6237210035324097
1R0R_EI_YI6H_EI14D_LI18I_NI23S_GI27S_NI31D_VI37M_EI38D;0.8363993763923645;1.433429479598999
3L5X_AHL_NL92D_EL93Y_YL94A;-0.8746248483657837;-0.41179296374320984
reverse_1PPF_EI_VI6I_EI10D_AI15V_TI17S_RI21M_NI28S_GI32S_EI43D_TI49I;-2.106403112411499;-2.5132484436035156
3L5X_AHL_NL92D_EL93W_YL94G;-1.8235727548599243;-1.6570370197296143
reverse_2VN5_AB_SB42A_TB43F_NA37A;-1.325277328491211;0.13484767079353333
reverse_1PPF_EI_DI7N_EI10D_AI15V_TI17S_EI19L_RI21M_VI42A_EI43D;-1.5007206201553345;-1.5564510822296143
reverse_3MZW_AB_NB18T_NB38E_AB49S;-0.1487775295972824;0.26376107335090637
4RA0_AC_SC6G_AC66V_RC101G;0.7702416181564331;0.9219239354133606
reverse_1REW_ABC_SA77A_SB77A;-0.22020578384399414;-0.4811003506183624
2VN5_AB_SB42A_TB43F_KA127G;0.5653684735298157;0.02288118004798889
1A22_AB_FA97R_AA98G_NA99M_SA100Q_LA101D_VA102A_YA103P_GA104E;0.2849290370941162;-0.11626590043306351
1A22_AB_EA88G_QA91Y_FA92H_RA94T_SA95E;0.20781667530536652;0.09097382426261902
3L5X_AHL_NL92L_EL93N_YL94G;-0.7537370324134827;-0.15617144107818604
reverse_2VN5_AB_SB42A_TB43F;-0.2857113778591156;0.21238261461257935
reverse_2C5D_ABCD_YA364A_YB364A;-1.0643025636672974;-0.36513227224349976
3MZW_AB_NB18T_SB28A;-0.23292408883571625;-0.3366923928260803
3L5X_AHL_NL92F_EL93W_YL94G;-1.3363553285598755;-1.8800153732299805
reverse_3MZW_AB_NB1A_NB18T_SB28K_DB31A_AB37S_AB41S_AB49S;-0.4854337275028229;-0.8885867595672607
3SGB_EI_LI12M_SI45N_HI46R_KI49Q;0.24389798939228058;0.41239017248153687
3G6D_LHA_EL3V_GL76R_TL77V_QL78E_EL80G_TL89S_ML92I_VL93D_TL94K;0.2942074239253998;0.2307170331478119
reverse_1BP3_AB_DA11A_MA14V_HA18Q_RA19H_FA25A_QA29K_EA33R;-3.9057977199554443;-1.687846302986145
reverse_2VN5_AB_SB42A_TB43F_TA35A;-0.3393365144729614;-0.8925713896751404
1MHP_HLA_KH64E_SL27Q_NL51Y;-1.104597806930542;-1.0037012100219727
reverse_3MZW_AB_NB1E_NB18T_AB37S_AB41S_AB49S;-0.30514177680015564;0.19752347469329834
1PPF_EI_DI7N_EI10G_LI18M_RI21M_EI43D_KI55E;0.041151389479637146;-0.20197448134422302
1A22_AB_DB107A_RB111A_EB113A;0.340573787689209;1.1525510549545288
reverse_2VN5_AB_SB42Q_TB43Q;-1.0488940477371216;0.07164463400840759
reverse_1REW_ABC_DA42A_EA98R_DB42A_EB98R;-0.04728982225060463;-1.1886014938354492
5UFE_AB_GA12D_QB25R_EB33G_DB34G;-0.9994282126426697;-0.6691414713859558
1PPF_EI_EI10D_TI17L_RI21M_GI32D_NI36S_EI43D_TI49S;4.6780829429626465;4.523837089538574
1REW_ABC_LA89A_LB89A;0.25604507327079773;0.6254059076309204
1PPF_EI_EI10D_TI17S_EI19D_RI21M_NI28S_GI32S_EI43D_GI54E;3.510690689086914;4.507386207580566
reverse_2C5D_ABCD_QC28R_QD28R;-0.0989387258887291;0.4147675037384033
3L5X_AHL_NL92E_EL93S_YL94G;-1.3714368343353271;-0.6315737962722778
1R0R_EI_EI5G_LI13M_YI15S_LI18I_KI24T_GI27S_HI47Y_FI48P_KI50V;3.579298257827759;4.477781295776367
1QAB_ABCDE_TA60A_TB51A_TC51A_TD51A;0.1300770491361618;0.7739737033843994
2VN5_AB_SB42A_TB43F_FB17A_LB45A;5.543695449829102;2.618626832962036
3L5X_AHL_NL92D_EL93R_YL94D;-0.5663449764251709;-1.348038673400879
4GNK_AB_DA279A_PA281D;0.13144345581531525;0.33408796787261963
1BP3_AB_DA11A_MA14V_HA18Q_RA19H_FA25A_QA29K_EA33R;3.9057977199554443;1.718990445137024
2NY7_HLG_WG13M_MG231A_CG14W_CG110V_CG27I_CG226Q;0.48669198155403137;0.7342385053634644
1A22_AB_RA127D_LA128V_EA129H;0.3427908420562744;-0.07134269177913666
reverse_1A22_AB_EA88G_QA91Y_FA92H_RA94T_SA95E;-0.20781667530536652;-0.0847863256931305
2NY7_HLG_GG229C_WG13M_MG231A_CG14W_CG110V_CG27I_CG226Q;0.2326173633337021;0.8315135836601257
reverse_1PPF_EI_EI10D_AI15V_TI17P_EI19D_RI21M_NI28S_GI32S_NI45S_SI51R;-3.565972328186035;-4.717041969299316
1BJ1_HLVW_LH72I_TH74K;0.08293212950229645;0.1882561445236206
1JRH_LHI_II25N_PI27S_VI29T_VI31I;0.15575318038463593;0.07498303055763245
2VN5_AB_SB42A_TB43F;0.2857113778591156;-0.21599215269088745
3L5X_AHL_HL91Q_NL92D_EL93I_YL94G;-1.6803522109985352;-0.8565477132797241
reverse_1LFD_AB_KA35A_EB63A;-0.3210717737674713;-0.6995686292648315
reverse_1A22_AB_DA11A_MA14V_HA18Q_RA19H_FA25A_QA29K_EA33R;-0.8094334602355957;0.12014085054397583
reverse_1A22_AB_NA12R_MA14V_LA15V_RA16L_RA19Y_FA25S_DA26E_QA29S_EA30Q_EA33K;-1.514557123184204;0.18000267446041107
1QAB_ABCDE_SA85A_SB76A_SC76A_SD76A;0.9759746789932251;0.7534418106079102
3IDX_HLG_TG41C_GG245C_WG13M_MG247A_CG14W_CG129V_CG27I_CG242Q;-2.52648663520813;0.660753607749939
3IDX_HLG_WG13M_MG247A_CG14W_CG129V;-0.7018237709999084;0.8085168600082397
4YH7_AB_EA207Q_RA209E_EA210Q;0.04142284020781517;0.0788278579711914
2VN5_AB_SB42A_TB43F_IA83A;1.026835322380066;1.1330511569976807
3IDX_HLG_TG41C_GG245C_MG247A;0.44377976655960083;0.18298067152500153
1JRH_LHI_SI61Y_DI62E_HI63Q_VI64I_GI65M_DI66Y_SI68D_NI69V_LI71A;3.206878185272217;0.16991537809371948
3L5X_AHL_HL91P_NL92L_EL93D_YL94V;-0.9301692247390747;-0.1425548791885376
1PPF_EI_YI11H_EI19D_LI23I_NI28S_GI32S_NI36D_VI42M_EI43D;0.35251834988594055;-1.4297099113464355
3L5X_AHL_HL91P_NL92L_EL93D_YL94S;-0.685837984085083;-0.7570174336433411
4UYQ_AB_SB51I_IB52N;-0.04903740808367729;-0.2040846198797226
4UYP_AD_LD20Y_LD56Y_SD15I_ID16N;0.2682971656322479;-1.3262856006622314
